float_id,cycle,latitude,longitude,pres,temp,psal
1900975,1,16.5062,-171.2729,5,25.4179,35.1779
1900975,1,16.5062,-171.2729,10,25.6744,34.5894
1900975,1,16.5062,-171.2729,20,24.6238,34.5348
1900975,1,16.5062,-171.2729,30,24.1073,35.0129
1900975,1,16.5062,-171.2729,50,23.5031,34.7113
1900975,1,16.5062,-171.2729,75,24.4748,35.0637
1900975,1,16.5062,-171.2729,100,23.3409,35.1143
1900975,1,16.5062,-171.2729,125,24.2439,34.5377
1900975,1,16.5062,-171.2729,150,23.9616,35.2356
1900975,1,16.5062,-171.2729,200,22.4805,34.7055
1900975,1,16.5062,-171.2729,250,23.1644,34.8991
1900975,1,16.5062,-171.2729,300,20.8855,34.6717
1900975,1,16.5062,-171.2729,400,21.295,35.2037
1900975,1,16.5062,-171.2729,500,20.1143,35.3547
1900975,1,16.5062,-171.2729,600,18.4725,35.6231
1900975,1,16.5062,-171.2729,700,17.0571,35.227
1900975,1,16.5062,-171.2729,800,16.8588,35.3185
1900975,1,16.5062,-171.2729,1000,14.7234,35.3274
1900975,1,16.5062,-171.2729,1200,12.2091,34.8458
1900975,1,16.5062,-171.2729,1500,7.9558,35.1644
1900975,1,16.5062,-171.2729,2000,2.1596,35.2328
1900975,2,16.3322,-171.2182,5,25.2164,34.8661
1900975,2,16.3322,-171.2182,10,24.6304,34.712
1900975,2,16.3322,-171.2182,20,24.314,35.4417
1900975,2,16.3322,-171.2182,30,24.9661,35.1166
1900975,2,16.3322,-171.2182,50,23.7923,35.2416
1900975,2,16.3322,-171.2182,75,23.5018,34.8982
1900975,2,16.3322,-171.2182,100,24.879,35.165
1900975,2,16.3322,-171.2182,125,23.7389,35.2159
1900975,2,16.3322,-171.2182,150,24.0357,35.3135
1900975,2,16.3322,-171.2182,200,22.2581,34.5821
1900975,2,16.3322,-171.2182,250,21.8809,34.8302
1900975,2,16.3322,-171.2182,300,21.122,35.5179
1900975,2,16.3322,-171.2182,400,21.3527,34.9147
1900975,2,16.3322,-171.2182,500,19.8109,35.0206
1900975,2,16.3322,-171.2182,600,19.2291,35.1089
1900975,2,16.3322,-171.2182,700,16.8298,34.9216
1900975,2,16.3322,-171.2182,800,16.3227,34.9627
1900975,2,16.3322,-171.2182,1000,14.1692,35.6478
1900975,2,16.3322,-171.2182,1200,11.5988,35.0193
1900975,2,16.3322,-171.2182,1500,9.4951,35.3845
1900975,2,16.3322,-171.2182,2000,2.1818,35.0471
1900975,3,16.3409,-170.8687,5,25.5292,34.9234
1900975,3,16.3409,-170.8687,10,24.0171,34.8841
1900975,3,16.3409,-170.8687,20,25.7722,35.0341
1900975,3,16.3409,-170.8687,30,25.6122,35.3683
1900975,3,16.3409,-170.8687,50,23.473,35.2332
1900975,3,16.3409,-170.8687,75,24.5384,35.0557
1900975,3,16.3409,-170.8687,100,23.4337,35.166
1900975,3,16.3409,-170.8687,125,22.8481,34.966
1900975,3,16.3409,-170.8687,150,23.2574,35.4913
1900975,3,16.3409,-170.8687,200,23.5517,34.8134
1900975,3,16.3409,-170.8687,250,22.2512,34.7412
1900975,3,16.3409,-170.8687,300,22.5253,35.4455
1900975,3,16.3409,-170.8687,400,20.1969,35.2389
1900975,3,16.3409,-170.8687,500,19.7179,34.7778
1900975,3,16.3409,-170.8687,600,18.925,35.1894
1900975,3,16.3409,-170.8687,700,17.8573,35.2054
1900975,3,16.3409,-170.8687,800,15.2011,35.0242
1900975,3,16.3409,-170.8687,1000,13.039,35.6791
1900975,3,16.3409,-170.8687,1200,12.5574,35.6317
1900975,3,16.3409,-170.8687,1500,8.115,34.9329
1900975,3,16.3409,-170.8687,2000,3.756,35.9469
1900975,4,16.3169,-171.0101,5,24.0834,35.2619
1900975,4,16.3169,-171.0101,10,25.4217,34.6309
1900975,4,16.3169,-171.0101,20,24.7306,35.0548
1900975,4,16.3169,-171.0101,30,24.2001,35.3799
1900975,4,16.3169,-171.0101,50,24.2963,34.7243
1900975,4,16.3169,-171.0101,75,24.2536,35.2487
1900975,4,16.3169,-171.0101,100,23.3023,34.8367
1900975,4,16.3169,-171.0101,125,24.6153,35.1811
1900975,4,16.3169,-171.0101,150,23.2262,35.0551
1900975,4,16.3169,-171.0101,200,22.042,34.7747
1900975,4,16.3169,-171.0101,250,21.9262,35.1508
1900975,4,16.3169,-171.0101,300,21.1602,34.7952
1900975,4,16.3169,-171.0101,400,19.742,35.2311
1900975,4,16.3169,-171.0101,500,18.9579,35.5304
1900975,4,16.3169,-171.0101,600,19.1193,34.7209
1900975,4,16.3169,-171.0101,700,16.776,35.344
1900975,4,16.3169,-171.0101,800,15.6285,34.8323
1900975,4,16.3169,-171.0101,1000,14.871,35.321
1900975,4,16.3169,-171.0101,1200,11.7453,35.5846
1900975,4,16.3169,-171.0101,1500,9.115,35.0654
1900975,4,16.3169,-171.0101,2000,2.1939,35.4311
1900975,5,16.6548,-171.0291,5,25.4032,35.1746
1900975,5,16.6548,-171.0291,10,25.8583,34.6009
1900975,5,16.6548,-171.0291,20,24.5852,34.8443
1900975,5,16.6548,-171.0291,30,25.3933,34.7562
1900975,5,16.6548,-171.0291,50,23.8304,34.9611
1900975,5,16.6548,-171.0291,75,24.0188,34.7973
1900975,5,16.6548,-171.0291,100,23.3996,35.4483
1900975,5,16.6548,-171.0291,125,23.5113,35.3926
1900975,5,16.6548,-171.0291,150,23.4507,34.5881
1900975,5,16.6548,-171.0291,200,23.7986,35.386
1900975,5,16.6548,-171.0291,250,23.188,35.4889
1900975,5,16.6548,-171.0291,300,22.3974,34.7413
1900975,5,16.6548,-171.0291,400,20.5713,34.8137
1900975,5,16.6548,-171.0291,500,19.3021,34.6836
1900975,5,16.6548,-171.0291,600,18.1579,35.6353
1900975,5,16.6548,-171.0291,700,16.8304,35.4591
1900975,5,16.6548,-171.0291,800,16.11,35.123
1900975,5,16.6548,-171.0291,1000,14.9146,35.7454
1900975,5,16.6548,-171.0291,1200,11.9115,35.5184
1900975,5,16.6548,-171.0291,1500,7.8096,35.1717
1900975,5,16.6548,-171.0291,2000,3.9374,35.5792
1900975,6,16.7734,-170.7482,5,24.0593,35.0854
1900975,6,16.7734,-170.7482,10,24.8957,35.3552
1900975,6,16.7734,-170.7482,20,24.0949,35.4658
1900975,6,16.7734,-170.7482,30,23.8302,34.6933
1900975,6,16.7734,-170.7482,50,24.6401,35.1877
1900975,6,16.7734,-170.7482,75,23.6454,34.6386
1900975,6,16.7734,-170.7482,100,24.6806,34.7712
1900975,6,16.7734,-170.7482,125,23.814,35.1506
1900975,6,16.7734,-170.7482,150,23.1884,35.1212
1900975,6,16.7734,-170.7482,200,22.8456,35.4847
1900975,6,16.7734,-170.7482,250,21.6585,35.2787
1900975,6,16.7734,-170.7482,300,21.1774,34.9708
1900975,6,16.7734,-170.7482,400,20.9434,34.9
1900975,6,16.7734,-170.7482,500,19.1324,35.3769
1900975,6,16.7734,-170.7482,600,17.5451,35.1083
1900975,6,16.7734,-170.7482,700,18.2969,35.6711
1900975,6,16.7734,-170.7482,800,15.3465,34.9132
1900975,6,16.7734,-170.7482,1000,13.5304,35.6833
1900975,6,16.7734,-170.7482,1200,12.5617,35.6793
1900975,6,16.7734,-170.7482,1500,8.2391,35.0327
1900975,6,16.7734,-170.7482,2000,3.6675,35.7035
1900975,7,16.8429,-170.5089,5,25.253,34.5091
1900975,7,16.8429,-170.5089,10,25.5242,34.8019
1900975,7,16.8429,-170.5089,20,25.1068,35.4439
1900975,7,16.8429,-170.5089,30,23.9386,34.6229
1900975,7,16.8429,-170.5089,50,23.6641,35.0657
1900975,7,16.8429,-170.5089,75,23.7197,35.1236
1900975,7,16.8429,-170.5089,100,24.3352,34.7286
1900975,7,16.8429,-170.5089,125,23.8935,34.7952
1900975,7,16.8429,-170.5089,150,23.3271,35.4428
1900975,7,16.8429,-170.5089,200,23.4922,34.6423
1900975,7,16.8429,-170.5089,250,22.0972,34.8392
1900975,7,16.8429,-170.5089,300,20.7071,35.3461
1900975,7,16.8429,-170.5089,400,20.8742,34.862
1900975,7,16.8429,-170.5089,500,19.9825,35.1767
1900975,7,16.8429,-170.5089,600,18.2554,34.6597
1900975,7,16.8429,-170.5089,700,16.4505,35.5581
1900975,7,16.8429,-170.5089,800,17.0079,35.2456
1900975,7,16.8429,-170.5089,1000,14.6692,35.3325
1900975,7,16.8429,-170.5089,1200,11.0962,34.9274
1900975,7,16.8429,-170.5089,1500,8.1165,35.774
1900975,7,16.8429,-170.5089,2000,3.5922,35.8607
1900975,8,17.1301,-171.2861,5,24.4441,34.604
1900975,8,17.1301,-171.2861,10,25.4502,35.3866
1900975,8,17.1301,-171.2861,20,24.5928,35.1257
1900975,8,17.1301,-171.2861,30,23.9791,35.4374
1900975,8,17.1301,-171.2861,50,25.1792,35.4887
1900975,8,17.1301,-171.2861,75,24.7965,35.4002
1900975,8,17.1301,-171.2861,100,22.9496,35.2616
1900975,8,17.1301,-171.2861,125,23.2894,35.4621
1900975,8,17.1301,-171.2861,150,23.9545,35.4016
1900975,8,17.1301,-171.2861,200,23.4215,34.8168
1900975,8,17.1301,-171.2861,250,22.8247,34.6706
1900975,8,17.1301,-171.2861,300,22.4443,35.4336
1900975,8,17.1301,-171.2861,400,20.0449,35.4166
1900975,8,17.1301,-171.2861,500,19.4206,34.9302
1900975,8,17.1301,-171.2861,600,18.9907,34.8776
1900975,8,17.1301,-171.2861,700,16.3473,34.8681
1900975,8,17.1301,-171.2861,800,15.8565,35.5644
1900975,8,17.1301,-171.2861,1000,14.9338,35.0291
1900975,8,17.1301,-171.2861,1200,12.083,35.1997
1900975,8,17.1301,-171.2861,1500,9.4623,35.4112
1900975,8,17.1301,-171.2861,2000,3.8785,35.1153
1900975,9,17.2016,-171.3176,5,25.8701,34.7667
1900975,9,17.2016,-171.3176,10,24.1068,34.9371
1900975,9,17.2016,-171.3176,20,25.2371,34.8187
1900975,9,17.2016,-171.3176,30,24.8824,35.0189
1900975,9,17.2016,-171.3176,50,24.2204,35.0891
1900975,9,17.2016,-171.3176,75,23.6844,35.2275
1900975,9,17.2016,-171.3176,100,22.9034,35.4506
1900975,9,17.2016,-171.3176,125,23.7019,35.2507
1900975,9,17.2016,-171.3176,150,23.8339,35.2081
1900975,9,17.2016,-171.3176,200,22.5284,34.62
1900975,9,17.2016,-171.3176,250,22.5785,34.8927
1900975,9,17.2016,-171.3176,300,21.3278,35.423
1900975,9,17.2016,-171.3176,400,21.0395,34.9003
1900975,9,17.2016,-171.3176,500,19.1186,35.0334
1900975,9,17.2016,-171.3176,600,18.2048,34.9457
1900975,9,17.2016,-171.3176,700,16.5546,35.0954
1900975,9,17.2016,-171.3176,800,17.0807,35.3773
1900975,9,17.2016,-171.3176,1000,14.8056,35.3655
1900975,9,17.2016,-171.3176,1200,11.4019,35.3479
1900975,9,17.2016,-171.3176,1500,7.5008,35.1619
1900975,9,17.2016,-171.3176,2000,2.8598,35.58
1900975,10,16.8859,-171.0311,5,24.8293,34.715
1900975,10,16.8859,-171.0311,10,24.8364,35.4037
1900975,10,16.8859,-171.0311,20,25.372,34.6747
1900975,10,16.8859,-171.0311,30,23.8396,35.023
1900975,10,16.8859,-171.0311,50,24.7159,34.8477
1900975,10,16.8859,-171.0311,75,24.8118,35.2699
1900975,10,16.8859,-171.0311,100,24.2456,34.7496
1900975,10,16.8859,-171.0311,125,23.0233,34.5557
1900975,10,16.8859,-171.0311,150,22.8397,35.0126
1900975,10,16.8859,-171.0311,200,23.4995,34.6228
1900975,10,16.8859,-171.0311,250,22.0789,35.1923
1900975,10,16.8859,-171.0311,300,21.0889,35.2714
1900975,10,16.8859,-171.0311,400,20.5888,34.844
1900975,10,16.8859,-171.0311,500,19.8121,34.6305
1900975,10,16.8859,-171.0311,600,18.9019,35.42
1900975,10,16.8859,-171.0311,700,16.5132,35.1001
1900975,10,16.8859,-171.0311,800,15.5518,35.658
1900975,10,16.8859,-171.0311,1000,14.0359,34.8002
1900975,10,16.8859,-171.0311,1200,11.2984,35.6483
1900975,10,16.8859,-171.0311,1500,8.4129,35.6764
1900975,10,16.8859,-171.0311,2000,3.3352,35.9879
1900975,11,16.8267,-170.5461,5,25.7279,35.1139
1900975,11,16.8267,-170.5461,10,25.3285,35.0073
1900975,11,16.8267,-170.5461,20,25.4411,35.0529
1900975,11,16.8267,-170.5461,30,25.4644,35.2512
1900975,11,16.8267,-170.5461,50,24.3993,34.7717
1900975,11,16.8267,-170.5461,75,23.6695,35.1564
1900975,11,16.8267,-170.5461,100,24.4316,35.0463
1900975,11,16.8267,-170.5461,125,23.8785,34.8058
1900975,11,16.8267,-170.5461,150,22.505,34.8232
1900975,11,16.8267,-170.5461,200,22.3434,34.8697
1900975,11,16.8267,-170.5461,250,22.3303,34.7009
1900975,11,16.8267,-170.5461,300,21.1625,35.2689
1900975,11,16.8267,-170.5461,400,21.0128,34.6642
1900975,11,16.8267,-170.5461,500,19.3152,35.1676
1900975,11,16.8267,-170.5461,600,18.2315,34.8568
1900975,11,16.8267,-170.5461,700,17.1403,35.5798
1900975,11,16.8267,-170.5461,800,16.3682,35.3955
1900975,11,16.8267,-170.5461,1000,14.7135,35.5156
1900975,11,16.8267,-170.5461,1200,11.5608,34.8059
1900975,11,16.8267,-170.5461,1500,8.2035,35.6285
1900975,11,16.8267,-170.5461,2000,3.7069,35.9534
1900975,12,16.6502,-170.7486,5,25.0373,35.1045
1900975,12,16.6502,-170.7486,10,24.3311,34.7219
1900975,12,16.6502,-170.7486,20,24.6517,34.534
1900975,12,16.6502,-170.7486,30,24.3423,35.1866
1900975,12,16.6502,-170.7486,50,24.2586,34.6775
1900975,12,16.6502,-170.7486,75,24.1098,34.6464
1900975,12,16.6502,-170.7486,100,24.1445,34.552
1900975,12,16.6502,-170.7486,125,23.413,35.0956
1900975,12,16.6502,-170.7486,150,22.4042,35.1802
1900975,12,16.6502,-170.7486,200,22.0714,35.0117
1900975,12,16.6502,-170.7486,250,21.3506,34.9416
1900975,12,16.6502,-170.7486,300,21.1233,34.9018
1900975,12,16.6502,-170.7486,400,21.1225,34.9791
1900975,12,16.6502,-170.7486,500,20.004,35.4569
1900975,12,16.6502,-170.7486,600,17.9045,34.7319
1900975,12,16.6502,-170.7486,700,16.3388,35.2144
1900975,12,16.6502,-170.7486,800,17.1998,35.05
1900975,12,16.6502,-170.7486,1000,14.3003,35.5312
1900975,12,16.6502,-170.7486,1200,12.1035,35.5542
1900975,12,16.6502,-170.7486,1500,9.3992,35.0744
1900975,12,16.6502,-170.7486,2000,2.0408,35.1524
1900975,13,16.3574,-170.8267,5,25.0729,34.7192
1900975,13,16.3574,-170.8267,10,25.2889,35.2694
1900975,13,16.3574,-170.8267,20,24.1156,35.1122
1900975,13,16.3574,-170.8267,30,25.1659,34.622
1900975,13,16.3574,-170.8267,50,25.0886,35.4772
1900975,13,16.3574,-170.8267,75,23.3912,34.5444
1900975,13,16.3574,-170.8267,100,23.5239,35.2023
1900975,13,16.3574,-170.8267,125,24.5413,34.9279
1900975,13,16.3574,-170.8267,150,23.78,34.6135
1900975,13,16.3574,-170.8267,200,23.1812,35.1772
1900975,13,16.3574,-170.8267,250,21.4538,35.335
1900975,13,16.3574,-170.8267,300,22.4006,35.1754
1900975,13,16.3574,-170.8267,400,19.8421,35.5838
1900975,13,16.3574,-170.8267,500,20.0653,34.9722
1900975,13,16.3574,-170.8267,600,18.2568,35.0206
1900975,13,16.3574,-170.8267,700,17.3119,35.0162
1900975,13,16.3574,-170.8267,800,16.8992,35.5223
1900975,13,16.3574,-170.8267,1000,13.2111,35.7108
1900975,13,16.3574,-170.8267,1200,12.0712,35.6287
1900975,13,16.3574,-170.8267,1500,8.9146,35.3105
1900975,13,16.3574,-170.8267,2000,3.4676,35.9655
1900975,14,16.5013,-170.6879,5,25.0213,34.9847
1900975,14,16.5013,-170.6879,10,24.7611,35.2335
1900975,14,16.5013,-170.6879,20,24.3168,35.3567
1900975,14,16.5013,-170.6879,30,25.3315,34.5942
1900975,14,16.5013,-170.6879,50,25.2133,34.7564
1900975,14,16.5013,-170.6879,75,24.1044,35.1291
1900975,14,16.5013,-170.6879,100,23.658,34.5537
1900975,14,16.5013,-170.6879,125,24.3269,34.7131
1900975,14,16.5013,-170.6879,150,22.7742,35.3353
1900975,14,16.5013,-170.6879,200,22.4807,35.4303
1900975,14,16.5013,-170.6879,250,22.6524,34.8388
1900975,14,16.5013,-170.6879,300,20.7203,35.5231
1900975,14,16.5013,-170.6879,400,19.7712,35.3201
1900975,14,16.5013,-170.6879,500,19.4772,35.3832
1900975,14,16.5013,-170.6879,600,18.7812,35.2959
1900975,14,16.5013,-170.6879,700,17.2816,35.4679
1900975,14,16.5013,-170.6879,800,15.3861,34.9216
1900975,14,16.5013,-170.6879,1000,14.3836,35.0562
1900975,14,16.5013,-170.6879,1200,11.9631,35.2733
1900975,14,16.5013,-170.6879,1500,8.5618,35.3005
1900975,14,16.5013,-170.6879,2000,3.4919,35.3308
1900975,15,16.9341,-171.2252,5,24.4478,34.6219
1900975,15,16.9341,-171.2252,10,24.2752,34.6221
1900975,15,16.9341,-171.2252,20,24.8517,35.2672
1900975,15,16.9341,-171.2252,30,24.0403,34.7239
1900975,15,16.9341,-171.2252,50,24.4184,35.2371
1900975,15,16.9341,-171.2252,75,25.1282,35.0434
1900975,15,16.9341,-171.2252,100,23.466,34.6255
1900975,15,16.9341,-171.2252,125,23.0132,34.7587
1900975,15,16.9341,-171.2252,150,22.7089,34.5516
1900975,15,16.9341,-171.2252,200,22.8683,34.8243
1900975,15,16.9341,-171.2252,250,23.1986,35.1159
1900975,15,16.9341,-171.2252,300,22.0948,34.7013
1900975,15,16.9341,-171.2252,400,21.3369,35.0909
1900975,15,16.9341,-171.2252,500,20.2454,35.1991
1900975,15,16.9341,-171.2252,600,18.3388,35.0905
1900975,15,16.9341,-171.2252,700,16.6687,34.7264
1900975,15,16.9341,-171.2252,800,17.0821,35.1777
1900975,15,16.9341,-171.2252,1000,14.6442,35.1507
1900975,15,16.9341,-171.2252,1200,10.9482,35.4294
1900975,15,16.9341,-171.2252,1500,7.6072,35.0242
1900975,15,16.9341,-171.2252,2000,3.1257,35.3038
1900975,16,17.2251,-171.3777,5,25.4739,35.1076
1900975,16,17.2251,-171.3777,10,25.4715,34.7282
1900975,16,17.2251,-171.3777,20,24.8251,34.9555
1900975,16,17.2251,-171.3777,30,24.5554,35.3677
1900975,16,17.2251,-171.3777,50,25.4301,34.8179
1900975,16,17.2251,-171.3777,75,24.4171,35.1284
1900975,16,17.2251,-171.3777,100,24.3802,35.4726
1900975,16,17.2251,-171.3777,125,23.0406,34.7423
1900975,16,17.2251,-171.3777,150,23.6709,34.6946
1900975,16,17.2251,-171.3777,200,22.1476,34.6251
1900975,16,17.2251,-171.3777,250,21.2554,35.013
1900975,16,17.2251,-171.3777,300,21.8876,34.8663
1900975,16,17.2251,-171.3777,400,20.063,35.307
1900975,16,17.2251,-171.3777,500,19.906,35.079
1900975,16,17.2251,-171.3777,600,18.7748,35.5739
1900975,16,17.2251,-171.3777,700,17.8757,35.3001
1900975,16,17.2251,-171.3777,800,16.5224,35.6337
1900975,16,17.2251,-171.3777,1000,13.8503,35.2946
1900975,16,17.2251,-171.3777,1200,12.0953,35.7084
1900975,16,17.2251,-171.3777,1500,9.1533,34.9464
1900975,16,17.2251,-171.3777,2000,2.3318,35.3076
1900975,17,16.9802,-170.9269,5,24.5222,34.6256
1900975,17,16.9802,-170.9269,10,25.2674,35.2022
1900975,17,16.9802,-170.9269,20,25.6654,35.0055
1900975,17,16.9802,-170.9269,30,24.6576,34.5879
1900975,17,16.9802,-170.9269,50,23.5297,34.9445
1900975,17,16.9802,-170.9269,75,23.8196,34.7691
1900975,17,16.9802,-170.9269,100,23.0827,35.4869
1900975,17,16.9802,-170.9269,125,24.2969,35.1064
1900975,17,16.9802,-170.9269,150,24.2516,35.5371
1900975,17,16.9802,-170.9269,200,23.1446,34.8195
1900975,17,16.9802,-170.9269,250,21.3305,35.3188
1900975,17,16.9802,-170.9269,300,21.641,35.2265
1900975,17,16.9802,-170.9269,400,21.4321,34.7815
1900975,17,16.9802,-170.9269,500,19.6707,35.2598
1900975,17,16.9802,-170.9269,600,18.3835,34.7412
1900975,17,16.9802,-170.9269,700,16.9959,35.0083
1900975,17,16.9802,-170.9269,800,16.5403,35.5577
1900975,17,16.9802,-170.9269,1000,13.6596,35.4437
1900975,17,16.9802,-170.9269,1200,11.3764,35.7452
1900975,17,16.9802,-170.9269,1500,9.1271,35.4251
1900975,17,16.9802,-170.9269,2000,2.9097,35.3145
1900975,18,16.5545,-170.5259,5,24.7534,35.0158
1900975,18,16.5545,-170.5259,10,25.8662,35.1602
1900975,18,16.5545,-170.5259,20,24.8652,34.9182
1900975,18,16.5545,-170.5259,30,24.0452,34.8693
1900975,18,16.5545,-170.5259,50,24.9629,35.1379
1900975,18,16.5545,-170.5259,75,24.695,34.7223
1900975,18,16.5545,-170.5259,100,23.9984,35.4527
1900975,18,16.5545,-170.5259,125,23.5012,35.2295
1900975,18,16.5545,-170.5259,150,22.5929,35.5106
1900975,18,16.5545,-170.5259,200,23.0177,34.7893
1900975,18,16.5545,-170.5259,250,21.5668,35.1133
1900975,18,16.5545,-170.5259,300,21.8045,34.6682
1900975,18,16.5545,-170.5259,400,21.5845,35.5129
1900975,18,16.5545,-170.5259,500,19.4229,34.7425
1900975,18,16.5545,-170.5259,600,19.0643,35.1484
1900975,18,16.5545,-170.5259,700,17.7332,35.1839
1900975,18,16.5545,-170.5259,800,15.7468,35.5347
1900975,18,16.5545,-170.5259,1000,14.9605,34.9937
1900975,18,16.5545,-170.5259,1200,11.9025,35.1836
1900975,18,16.5545,-170.5259,1500,9.3437,35.3832
1900975,18,16.5545,-170.5259,2000,3.7587,35.864
1900975,19,16.5075,-170.7061,5,24.7749,35.4355
1900975,19,16.5075,-170.7061,10,24.9055,35.323
1900975,19,16.5075,-170.7061,20,24.3457,34.8036
1900975,19,16.5075,-170.7061,30,24.8439,35.5064
1900975,19,16.5075,-170.7061,50,24.4293,34.6611
1900975,19,16.5075,-170.7061,75,24.2522,34.8639
1900975,19,16.5075,-170.7061,100,24.0038,35.0684
1900975,19,16.5075,-170.7061,125,23.5357,34.853
1900975,19,16.5075,-170.7061,150,22.7273,35.235
1900975,19,16.5075,-170.7061,200,22.9436,34.7836
1900975,19,16.5075,-170.7061,250,22.8011,34.6061
1900975,19,16.5075,-170.7061,300,22.1894,35.2802
1900975,19,16.5075,-170.7061,400,21.2228,34.9861
1900975,19,16.5075,-170.7061,500,19.8274,35.4457
1900975,19,16.5075,-170.7061,600,19.3616,35.1453
1900975,19,16.5075,-170.7061,700,16.374,35.1773
1900975,19,16.5075,-170.7061,800,16.3804,35.5697
1900975,19,16.5075,-170.7061,1000,14.7484,35.1903
1900975,19,16.5075,-170.7061,1200,11.8519,35.2569
1900975,19,16.5075,-170.7061,1500,8.9449,35.285
1900975,19,16.5075,-170.7061,2000,3.3096,35.1544
1900975,20,16.7007,-170.5269,5,24.6221,35.194
1900975,20,16.7007,-170.5269,10,25.1897,35.3543
1900975,20,16.7007,-170.5269,20,25.4847,35.3643
1900975,20,16.7007,-170.5269,30,24.43,34.8242
1900975,20,16.7007,-170.5269,50,24.8874,35.2719
1900975,20,16.7007,-170.5269,75,24.9198,34.5546
1900975,20,16.7007,-170.5269,100,23.0368,35.1562
1900975,20,16.7007,-170.5269,125,24.4669,35.5287
1900975,20,16.7007,-170.5269,150,23.8435,34.9715
1900975,20,16.7007,-170.5269,200,21.9969,35.1837
1900975,20,16.7007,-170.5269,250,22.9952,35.0062
1900975,20,16.7007,-170.5269,300,22.088,35.4784
1900975,20,16.7007,-170.5269,400,19.692,35.3961
1900975,20,16.7007,-170.5269,500,19.0867,34.9998
1900975,20,16.7007,-170.5269,600,17.6911,35.1812
1900975,20,16.7007,-170.5269,700,17.4319,35.4675
1900975,20,16.7007,-170.5269,800,15.54,34.779
1900975,20,16.7007,-170.5269,1000,14.7417,35.3697
1900975,20,16.7007,-170.5269,1200,11.2817,35.7128
1900975,20,16.7007,-170.5269,1500,7.7862,35.3361
1900975,20,16.7007,-170.5269,2000,2.508,35.2553
1900979,1,-58.4711,109.8455,5,24.261,34.943
1900979,1,-58.4711,109.8455,10,24.5811,35.0901
1900979,1,-58.4711,109.8455,20,25.0579,34.9293
1900979,1,-58.4711,109.8455,30,24.1702,35.3528
1900979,1,-58.4711,109.8455,50,23.8484,34.8972
1900979,1,-58.4711,109.8455,75,24.1414,34.756
1900979,1,-58.4711,109.8455,100,24.0438,35.0998
1900979,1,-58.4711,109.8455,125,24.6104,34.8265
1900979,1,-58.4711,109.8455,150,24.3059,35.1957
1900979,1,-58.4711,109.8455,200,22.349,35.1159
1900979,1,-58.4711,109.8455,250,22.6216,35.3072
1900979,1,-58.4711,109.8455,300,20.7981,35.1814
1900979,1,-58.4711,109.8455,400,20.5935,35.5042
1900979,1,-58.4711,109.8455,500,19.0724,35.4239
1900979,1,-58.4711,109.8455,600,18.6141,35.0023
1900979,1,-58.4711,109.8455,700,17.5732,35.2959
1900979,1,-58.4711,109.8455,800,16.5555,35.4209
1900979,1,-58.4711,109.8455,1000,14.3184,35.5883
1900979,1,-58.4711,109.8455,1200,12.0565,35.7034
1900979,1,-58.4711,109.8455,1500,8.7927,35.1839
1900979,1,-58.4711,109.8455,2000,2.8816,35.5796
1900979,2,-58.6399,109.258,5,24.5352,35.2487
1900979,2,-58.6399,109.258,10,24.2413,34.6347
1900979,2,-58.6399,109.258,20,24.8588,35.4765
1900979,2,-58.6399,109.258,30,24.7317,35.421
1900979,2,-58.6399,109.258,50,25.1109,34.7695
1900979,2,-58.6399,109.258,75,24.8244,35.0006
1900979,2,-58.6399,109.258,100,24.513,35.2716
1900979,2,-58.6399,109.258,125,23.3024,34.6464
1900979,2,-58.6399,109.258,150,24.2758,34.6783
1900979,2,-58.6399,109.258,200,23.733,35.4101
1900979,2,-58.6399,109.258,250,22.6984,35.5424
1900979,2,-58.6399,109.258,300,22.6345,35.3796
1900979,2,-58.6399,109.258,400,20.3316,35.3907
1900979,2,-58.6399,109.258,500,18.5278,35.1616
1900979,2,-58.6399,109.258,600,18.3096,35.3228
1900979,2,-58.6399,109.258,700,17.6447,35.2596
1900979,2,-58.6399,109.258,800,16.8448,35.6403
1900979,2,-58.6399,109.258,1000,13.2167,34.9838
1900979,2,-58.6399,109.258,1200,10.85,35.6842
1900979,2,-58.6399,109.258,1500,8.6228,35.7903
1900979,2,-58.6399,109.258,2000,2.4427,35.0632
1900979,3,-58.5485,110.0773,5,24.5494,34.9095
1900979,3,-58.5485,110.0773,10,24.1696,35.4488
1900979,3,-58.5485,110.0773,20,24.3887,34.9976
1900979,3,-58.5485,110.0773,30,23.8644,35.3948
1900979,3,-58.5485,110.0773,50,23.7213,34.9661
1900979,3,-58.5485,110.0773,75,24.516,35.2619
1900979,3,-58.5485,110.0773,100,24.7919,34.9441
1900979,3,-58.5485,110.0773,125,24.1095,34.6858
1900979,3,-58.5485,110.0773,150,23.1798,34.6365
1900979,3,-58.5485,110.0773,200,22.7787,34.9581
1900979,3,-58.5485,110.0773,250,23.153,34.5952
1900979,3,-58.5485,110.0773,300,21.4411,35.0184
1900979,3,-58.5485,110.0773,400,21.5011,35.4555
1900979,3,-58.5485,110.0773,500,18.6987,35.3107
1900979,3,-58.5485,110.0773,600,18.4889,35.6278
1900979,3,-58.5485,110.0773,700,17.0173,35.0731
1900979,3,-58.5485,110.0773,800,15.5796,34.8222
1900979,3,-58.5485,110.0773,1000,14.6961,35.2047
1900979,3,-58.5485,110.0773,1200,12.1255,35.4417
1900979,3,-58.5485,110.0773,1500,8.6943,34.8964
1900979,3,-58.5485,110.0773,2000,3.5736,35.2436
1900979,4,-59.2464,109.7325,5,24.0822,35.2664
1900979,4,-59.2464,109.7325,10,24.3043,34.7185
1900979,4,-59.2464,109.7325,20,25.5194,34.8336
1900979,4,-59.2464,109.7325,30,23.9651,35.408
1900979,4,-59.2464,109.7325,50,23.4557,35.3709
1900979,4,-59.2464,109.7325,75,23.4644,34.6487
1900979,4,-59.2464,109.7325,100,23.4013,34.6995
1900979,4,-59.2464,109.7325,125,23.9471,34.557
1900979,4,-59.2464,109.7325,150,22.3797,35.3275
1900979,4,-59.2464,109.7325,200,22.2759,34.8738
1900979,4,-59.2464,109.7325,250,21.5985,34.6149
1900979,4,-59.2464,109.7325,300,22.1834,35.1011
1900979,4,-59.2464,109.7325,400,21.0913,35.0762
1900979,4,-59.2464,109.7325,500,20.056,35.1382
1900979,4,-59.2464,109.7325,600,17.6181,35.1538
1900979,4,-59.2464,109.7325,700,18.1908,34.7184
1900979,4,-59.2464,109.7325,800,16.7665,35.567
1900979,4,-59.2464,109.7325,1000,14.0429,35.208
1900979,4,-59.2464,109.7325,1200,12.7281,34.8608
1900979,4,-59.2464,109.7325,1500,8.458,35.2766
1900979,4,-59.2464,109.7325,2000,3.3722,35.4903
1900979,5,-58.4626,109.2414,5,24.1066,35.1095
1900979,5,-58.4626,109.2414,10,24.0214,34.7775
1900979,5,-58.4626,109.2414,20,25.0462,35.0534
1900979,5,-58.4626,109.2414,30,24.3204,35.5021
1900979,5,-58.4626,109.2414,50,24.5111,34.9662
1900979,5,-58.4626,109.2414,75,24.3859,34.6179
1900979,5,-58.4626,109.2414,100,24.3036,35.3778
1900979,5,-58.4626,109.2414,125,23.9268,35.3002
1900979,5,-58.4626,109.2414,150,23.7917,34.7525
1900979,5,-58.4626,109.2414,200,22.7031,34.7785
1900979,5,-58.4626,109.2414,250,21.9279,35.016
1900979,5,-58.4626,109.2414,300,21.532,34.6701
1900979,5,-58.4626,109.2414,400,20.4535,35.2651
1900979,5,-58.4626,109.2414,500,19.2486,34.7776
1900979,5,-58.4626,109.2414,600,19.246,34.7171
1900979,5,-58.4626,109.2414,700,17.9635,34.7682
1900979,5,-58.4626,109.2414,800,15.3931,35.4388
1900979,5,-58.4626,109.2414,1000,14.6235,35.3064
1900979,5,-58.4626,109.2414,1200,11.9729,35.3616
1900979,5,-58.4626,109.2414,1500,8.1593,34.9972
1900979,5,-58.4626,109.2414,2000,2.7072,35.6653
1900979,6,-58.622,110.036,5,25.3871,35.4696
1900979,6,-58.622,110.036,10,25.0908,34.8541
1900979,6,-58.622,110.036,20,24.9358,34.7177
1900979,6,-58.622,110.036,30,24.9835,34.7317
1900979,6,-58.622,110.036,50,23.6664,35.3579
1900979,6,-58.622,110.036,75,23.9101,35.2814
1900979,6,-58.622,110.036,100,24.0482,35.3322
1900979,6,-58.622,110.036,125,24.3153,35.5058
1900979,6,-58.622,110.036,150,23.9869,35.1511
1900979,6,-58.622,110.036,200,23.0854,34.5763
1900979,6,-58.622,110.036,250,23.1082,35.392
1900979,6,-58.622,110.036,300,21.2349,34.7554
1900979,6,-58.622,110.036,400,21.0054,34.909
1900979,6,-58.622,110.036,500,19.1796,34.6311
1900979,6,-58.622,110.036,600,19.1397,35.2163
1900979,6,-58.622,110.036,700,17.1016,34.8169
1900979,6,-58.622,110.036,800,16.4663,34.7307
1900979,6,-58.622,110.036,1000,14.4922,34.9651
1900979,6,-58.622,110.036,1200,11.6397,35.1409
1900979,6,-58.622,110.036,1500,8.2401,35.5966
1900979,6,-58.622,110.036,2000,3.5537,35.5676
1900979,7,-59.2874,109.2205,5,24.2598,35.1191
1900979,7,-59.2874,109.2205,10,25.2379,34.7746
1900979,7,-59.2874,109.2205,20,25.1039,34.9907
1900979,7,-59.2874,109.2205,30,24.5541,34.7807
1900979,7,-59.2874,109.2205,50,24.9599,34.6263
1900979,7,-59.2874,109.2205,75,24.0348,34.802
1900979,7,-59.2874,109.2205,100,24.257,35.0116
1900979,7,-59.2874,109.2205,125,23.9593,34.5767
1900979,7,-59.2874,109.2205,150,23.1405,35.1368
1900979,7,-59.2874,109.2205,200,21.8154,34.8514
1900979,7,-59.2874,109.2205,250,21.6725,34.6997
1900979,7,-59.2874,109.2205,300,21.211,34.9031
1900979,7,-59.2874,109.2205,400,19.6155,35.347
1900979,7,-59.2874,109.2205,500,18.8514,35.0052
1900979,7,-59.2874,109.2205,600,18.8073,35.1503
1900979,7,-59.2874,109.2205,700,17.9667,35.4812
1900979,7,-59.2874,109.2205,800,15.3442,35.5618
1900979,7,-59.2874,109.2205,1000,13.0846,34.7687
1900979,7,-59.2874,109.2205,1200,12.6423,35.6621
1900979,7,-59.2874,109.2205,1500,8.6515,35.4484
1900979,7,-59.2874,109.2205,2000,3.419,35.4177
1900979,8,-59.2571,109.1888,5,24.5945,35.3026
1900979,8,-59.2571,109.1888,10,25.1263,35.3345
1900979,8,-59.2571,109.1888,20,25.6195,34.5931
1900979,8,-59.2571,109.1888,30,25.359,34.7508
1900979,8,-59.2571,109.1888,50,24.6277,35.0365
1900979,8,-59.2571,109.1888,75,23.9665,34.829
1900979,8,-59.2571,109.1888,100,23.579,34.8581
1900979,8,-59.2571,109.1888,125,22.9613,35.0417
1900979,8,-59.2571,109.1888,150,22.5781,35.0475
1900979,8,-59.2571,109.1888,200,23.6118,34.8994
1900979,8,-59.2571,109.1888,250,22.7048,35.3814
1900979,8,-59.2571,109.1888,300,22.3301,34.8113
1900979,8,-59.2571,109.1888,400,19.8929,34.7973
1900979,8,-59.2571,109.1888,500,19.7048,35.3852
1900979,8,-59.2571,109.1888,600,18.711,34.8271
1900979,8,-59.2571,109.1888,700,17.8457,35.1691
1900979,8,-59.2571,109.1888,800,16.7089,35.4599
1900979,8,-59.2571,109.1888,1000,13.8978,35.6742
1900979,8,-59.2571,109.1888,1200,11.929,35.4353
1900979,8,-59.2571,109.1888,1500,8.749,35.7392
1900979,8,-59.2571,109.1888,2000,3.2544,35.151
1900979,9,-59.304,109.6101,5,24.5506,34.7759
1900979,9,-59.304,109.6101,10,24.0023,35.0098
1900979,9,-59.304,109.6101,20,24.4008,34.9569
1900979,9,-59.304,109.6101,30,23.7838,35.3392
1900979,9,-59.304,109.6101,50,23.6035,35.3768
1900979,9,-59.304,109.6101,75,24.8856,35.1338
1900979,9,-59.304,109.6101,100,23.9141,34.9877
1900979,9,-59.304,109.6101,125,23.7336,35.3231
1900979,9,-59.304,109.6101,150,24.1418,34.9872
1900979,9,-59.304,109.6101,200,23.4196,35.2018
1900979,9,-59.304,109.6101,250,21.8931,35.0381
1900979,9,-59.304,109.6101,300,21.0017,34.6369
1900979,9,-59.304,109.6101,400,19.807,35.4991
1900979,9,-59.304,109.6101,500,19.1869,35.3393
1900979,9,-59.304,109.6101,600,18.4091,34.8226
1900979,9,-59.304,109.6101,700,16.7955,35.1128
1900979,9,-59.304,109.6101,800,16.0788,35.2227
1900979,9,-59.304,109.6101,1000,13.3175,35.1229
1900979,9,-59.304,109.6101,1200,11.3658,35.2088
1900979,9,-59.304,109.6101,1500,8.1767,35.4729
1900979,9,-59.304,109.6101,2000,3.5785,35.6473
1900979,10,-59.3064,109.2624,5,25.3018,34.7854
1900979,10,-59.3064,109.2624,10,25.3375,35.1591
1900979,10,-59.3064,109.2624,20,25.5927,35.3783
1900979,10,-59.3064,109.2624,30,24.3367,35.0902
1900979,10,-59.3064,109.2624,50,23.7329,34.8623
1900979,10,-59.3064,109.2624,75,25.1104,35.2172
1900979,10,-59.3064,109.2624,100,23.6839,35.12
1900979,10,-59.3064,109.2624,125,24.501,34.8408
1900979,10,-59.3064,109.2624,150,23.1034,35.3292
1900979,10,-59.3064,109.2624,200,23.4264,35.2201
1900979,10,-59.3064,109.2624,250,22.9079,35.3013
1900979,10,-59.3064,109.2624,300,22.0708,35.1014
1900979,10,-59.3064,109.2624,400,20.892,35.0234
1900979,10,-59.3064,109.2624,500,19.2237,34.9876
1900979,10,-59.3064,109.2624,600,17.7605,34.8642
1900979,10,-59.3064,109.2624,700,18.1953,35.1613
1900979,10,-59.3064,109.2624,800,15.6531,34.8376
1900979,10,-59.3064,109.2624,1000,13.1543,35.5944
1900979,10,-59.3064,109.2624,1200,11.0023,35.5709
1900979,10,-59.3064,109.2624,1500,9.1702,35.7587
1900979,10,-59.3064,109.2624,2000,2.0755,35.3368
1900979,11,-58.606,109.299,5,24.6984,34.6635
1900979,11,-58.606,109.299,10,25.5527,35.2736
1900979,11,-58.606,109.299,20,25.3981,34.6705
1900979,11,-58.606,109.299,30,24.5453,34.9184
1900979,11,-58.606,109.299,50,24.8027,34.75
1900979,11,-58.606,109.299,75,24.0634,34.8037
1900979,11,-58.606,109.299,100,24.3971,34.9739
1900979,11,-58.606,109.299,125,23.693,34.8407
1900979,11,-58.606,109.299,150,23.9672,35.0065
1900979,11,-58.606,109.299,200,23.4702,34.9178
1900979,11,-58.606,109.299,250,23.1443,35.5469
1900979,11,-58.606,109.299,300,21.6234,34.8568
1900979,11,-58.606,109.299,400,20.3637,35.1275
1900979,11,-58.606,109.299,500,20.4325,35.4419
1900979,11,-58.606,109.299,600,19.0025,34.7884
1900979,11,-58.606,109.299,700,16.8,35.3162
1900979,11,-58.606,109.299,800,16.9482,35.2545
1900979,11,-58.606,109.299,1000,13.2052,35.5959
1900979,11,-58.606,109.299,1200,12.5023,35.0851
1900979,11,-58.606,109.299,1500,9.0262,35.1478
1900979,11,-58.606,109.299,2000,3.8106,35.1473
1900979,12,-58.9348,110.1143,5,24.3891,34.9524
1900979,12,-58.9348,110.1143,10,24.5892,34.5292
1900979,12,-58.9348,110.1143,20,23.8865,35.007
1900979,12,-58.9348,110.1143,30,24.1416,35.502
1900979,12,-58.9348,110.1143,50,24.1998,34.5407
1900979,12,-58.9348,110.1143,75,25.0367,35.3579
1900979,12,-58.9348,110.1143,100,24.1999,35.3164
1900979,12,-58.9348,110.1143,125,22.9002,34.8181
1900979,12,-58.9348,110.1143,150,24.0095,35.2336
1900979,12,-58.9348,110.1143,200,22.0776,35.2555
1900979,12,-58.9348,110.1143,250,22.1472,34.5678
1900979,12,-58.9348,110.1143,300,20.8585,34.8309
1900979,12,-58.9348,110.1143,400,21.2699,35.1488
1900979,12,-58.9348,110.1143,500,19.9545,35.1528
1900979,12,-58.9348,110.1143,600,17.6224,34.9381
1900979,12,-58.9348,110.1143,700,16.9023,34.7227
1900979,12,-58.9348,110.1143,800,16.0397,35.4939
1900979,12,-58.9348,110.1143,1000,13.9142,34.8609
1900979,12,-58.9348,110.1143,1200,12.6103,35.3967
1900979,12,-58.9348,110.1143,1500,7.5329,35.3904
1900979,12,-58.9348,110.1143,2000,2.4839,35.1436
1900979,13,-58.9431,109.7827,5,24.4261,34.9178
1900979,13,-58.9431,109.7827,10,25.2187,34.5881
1900979,13,-58.9431,109.7827,20,25.7293,34.5727
1900979,13,-58.9431,109.7827,30,24.7221,35.0148
1900979,13,-58.9431,109.7827,50,25.4267,35.0667
1900979,13,-58.9431,109.7827,75,23.9559,34.9889
1900979,13,-58.9431,109.7827,100,24.1713,35.506
1900979,13,-58.9431,109.7827,125,23.1323,34.5475
1900979,13,-58.9431,109.7827,150,23.927,34.8823
1900979,13,-58.9431,109.7827,200,23.2659,35.1783
1900979,13,-58.9431,109.7827,250,22.793,35.2977
1900979,13,-58.9431,109.7827,300,21.365,34.6193
1900979,13,-58.9431,109.7827,400,20.692,35.4135
1900979,13,-58.9431,109.7827,500,18.8502,35.4041
1900979,13,-58.9431,109.7827,600,18.3292,35.3454
1900979,13,-58.9431,109.7827,700,17.5635,35.4865
1900979,13,-58.9431,109.7827,800,15.3262,35.4762
1900979,13,-58.9431,109.7827,1000,13.9154,35.0434
1900979,13,-58.9431,109.7827,1200,10.8876,34.9995
1900979,13,-58.9431,109.7827,1500,7.5838,35.8084
1900979,13,-58.9431,109.7827,2000,3.0308,35.9891
1900979,14,-58.8293,109.4212,5,25.4516,34.6924
1900979,14,-58.8293,109.4212,10,24.6039,35.2833
1900979,14,-58.8293,109.4212,20,25.5116,34.8369
1900979,14,-58.8293,109.4212,30,23.919,34.8755
1900979,14,-58.8293,109.4212,50,25.229,35.2558
1900979,14,-58.8293,109.4212,75,24.9643,34.9054
1900979,14,-58.8293,109.4212,100,24.8474,35.0212
1900979,14,-58.8293,109.4212,125,23.62,35.4556
1900979,14,-58.8293,109.4212,150,23.3886,35.3386
1900979,14,-58.8293,109.4212,200,23.2542,34.6289
1900979,14,-58.8293,109.4212,250,22.4549,35.3848
1900979,14,-58.8293,109.4212,300,21.7909,34.8962
1900979,14,-58.8293,109.4212,400,19.7601,35.2609
1900979,14,-58.8293,109.4212,500,19.113,35.2276
1900979,14,-58.8293,109.4212,600,18.2522,35.3398
1900979,14,-58.8293,109.4212,700,17.0031,34.7174
1900979,14,-58.8293,109.4212,800,16.9401,35.0526
1900979,14,-58.8293,109.4212,1000,14.9963,35.0246
1900979,14,-58.8293,109.4212,1200,12.7601,35.7479
1900979,14,-58.8293,109.4212,1500,7.6501,35.5125
1900979,14,-58.8293,109.4212,2000,2.7266,35.8011
1900979,15,-58.6929,110.1207,5,24.2306,35.1088
1900979,15,-58.6929,110.1207,10,25.4526,34.5373
1900979,15,-58.6929,110.1207,20,23.9145,35.2835
1900979,15,-58.6929,110.1207,30,24.4027,34.8904
1900979,15,-58.6929,110.1207,50,24.5845,35.1176
1900979,15,-58.6929,110.1207,75,24.5331,35.4676
1900979,15,-58.6929,110.1207,100,23.644,35.2881
1900979,15,-58.6929,110.1207,125,23.7728,35.0607
1900979,15,-58.6929,110.1207,150,23.1461,35.1871
1900979,15,-58.6929,110.1207,200,22.2992,34.6634
1900979,15,-58.6929,110.1207,250,22.7213,35.0615
1900979,15,-58.6929,110.1207,300,21.474,35.1367
1900979,15,-58.6929,110.1207,400,20.1236,34.8603
1900979,15,-58.6929,110.1207,500,19.3925,35.6214
1900979,15,-58.6929,110.1207,600,17.9712,35.5665
1900979,15,-58.6929,110.1207,700,17.2824,34.7976
1900979,15,-58.6929,110.1207,800,16.9057,35.152
1900979,15,-58.6929,110.1207,1000,14.7974,35.1951
1900979,15,-58.6929,110.1207,1200,10.9756,35.4819
1900979,15,-58.6929,110.1207,1500,9.191,35.1946
1900979,15,-58.6929,110.1207,2000,2.6949,35.0649
1900979,16,-58.8301,110.0592,5,25.6477,35.2131
1900979,16,-58.8301,110.0592,10,25.7446,35.1402
1900979,16,-58.8301,110.0592,20,25.3674,35.0138
1900979,16,-58.8301,110.0592,30,23.9127,34.7085
1900979,16,-58.8301,110.0592,50,23.7278,35.3029
1900979,16,-58.8301,110.0592,75,23.2276,35.0728
1900979,16,-58.8301,110.0592,100,23.6378,35.3287
1900979,16,-58.8301,110.0592,125,23.7283,35.1432
1900979,16,-58.8301,110.0592,150,22.5224,34.8468
1900979,16,-58.8301,110.0592,200,23.7992,35.2689
1900979,16,-58.8301,110.0592,250,22.3014,35.3317
1900979,16,-58.8301,110.0592,300,22.3467,34.6488
1900979,16,-58.8301,110.0592,400,21.5448,35.2423
1900979,16,-58.8301,110.0592,500,19.3999,35.3051
1900979,16,-58.8301,110.0592,600,18.089,35.528
1900979,16,-58.8301,110.0592,700,17.8605,35.3148
1900979,16,-58.8301,110.0592,800,15.5639,35.6663
1900979,16,-58.8301,110.0592,1000,13.8652,35.6607
1900979,16,-58.8301,110.0592,1200,10.9108,34.9242
1900979,16,-58.8301,110.0592,1500,7.806,35.0397
1900979,16,-58.8301,110.0592,2000,2.6453,35.7093
1900979,17,-59.0263,110.1088,5,25.7349,35.3472
1900979,17,-59.0263,110.1088,10,24.3912,35.1376
1900979,17,-59.0263,110.1088,20,24.8817,34.6302
1900979,17,-59.0263,110.1088,30,24.2756,35.041
1900979,17,-59.0263,110.1088,50,24.4551,34.6811
1900979,17,-59.0263,110.1088,75,25.0582,34.6729
1900979,17,-59.0263,110.1088,100,24.2175,35.2456
1900979,17,-59.0263,110.1088,125,23.8353,35.3738
1900979,17,-59.0263,110.1088,150,23.4772,35.3627
1900979,17,-59.0263,110.1088,200,21.8567,34.5955
1900979,17,-59.0263,110.1088,250,22.5329,35.1393
1900979,17,-59.0263,110.1088,300,22.0023,35.342
1900979,17,-59.0263,110.1088,400,20.4332,35.239
1900979,17,-59.0263,110.1088,500,19.4961,35.2522
1900979,17,-59.0263,110.1088,600,17.9793,35.6067
1900979,17,-59.0263,110.1088,700,17.2659,35.4797
1900979,17,-59.0263,110.1088,800,16.57,34.9974
1900979,17,-59.0263,110.1088,1000,13.1459,34.8099
1900979,17,-59.0263,110.1088,1200,11.6792,35.2843
1900979,17,-59.0263,110.1088,1500,7.908,35.4817
1900979,17,-59.0263,110.1088,2000,2.6252,35.7184
1900979,18,-58.6381,110.0287,5,25.8957,34.632
1900979,18,-58.6381,110.0287,10,24.6311,35.0642
1900979,18,-58.6381,110.0287,20,24.4182,34.9715
1900979,18,-58.6381,110.0287,30,24.2049,34.7554
1900979,18,-58.6381,110.0287,50,23.6436,34.8027
1900979,18,-58.6381,110.0287,75,23.9433,35.1341
1900979,18,-58.6381,110.0287,100,23.3965,35.3903
1900979,18,-58.6381,110.0287,125,22.9444,34.8587
1900979,18,-58.6381,110.0287,150,23.5054,34.8502
1900979,18,-58.6381,110.0287,200,23.3262,35.0483
1900979,18,-58.6381,110.0287,250,22.2794,35.0613
1900979,18,-58.6381,110.0287,300,21.3171,34.5982
1900979,18,-58.6381,110.0287,400,21.4905,35.1054
1900979,18,-58.6381,110.0287,500,20.4334,34.8401
1900979,18,-58.6381,110.0287,600,18.1058,34.7005
1900979,18,-58.6381,110.0287,700,17.2898,35.5573
1900979,18,-58.6381,110.0287,800,16.5085,35.1706
1900979,18,-58.6381,110.0287,1000,14.0734,35.5972
1900979,18,-58.6381,110.0287,1200,11.6619,35.6825
1900979,18,-58.6381,110.0287,1500,8.955,35.6389
1900979,18,-58.6381,110.0287,2000,2.7319,35.4006
1900979,19,-58.802,109.3626,5,25.0514,34.5748
1900979,19,-58.802,109.3626,10,24.8985,35.2669
1900979,19,-58.802,109.3626,20,24.3394,35.4941
1900979,19,-58.802,109.3626,30,25.0308,34.6263
1900979,19,-58.802,109.3626,50,25.4002,34.9064
1900979,19,-58.802,109.3626,75,24.7648,34.8578
1900979,19,-58.802,109.3626,100,24.7779,35.28
1900979,19,-58.802,109.3626,125,23.0231,35.0404
1900979,19,-58.802,109.3626,150,23.3502,34.5828
1900979,19,-58.802,109.3626,200,22.0741,34.883
1900979,19,-58.802,109.3626,250,22.1975,35.0195
1900979,19,-58.802,109.3626,300,21.9125,35.0905
1900979,19,-58.802,109.3626,400,20.2559,35.2131
1900979,19,-58.802,109.3626,500,18.825,35.6156
1900979,19,-58.802,109.3626,600,18.8786,34.9492
1900979,19,-58.802,109.3626,700,16.9727,35.5033
1900979,19,-58.802,109.3626,800,16.2647,35.4087
1900979,19,-58.802,109.3626,1000,13.5996,35.5657
1900979,19,-58.802,109.3626,1200,11.5367,35.4738
1900979,19,-58.802,109.3626,1500,9.4598,35.4587
1900979,19,-58.802,109.3626,2000,3.5935,35.7253
1900979,20,-58.6843,109.1946,5,24.8942,35.4683
1900979,20,-58.6843,109.1946,10,25.4558,35.2787
1900979,20,-58.6843,109.1946,20,24.9353,35.2264
1900979,20,-58.6843,109.1946,30,24.837,34.678
1900979,20,-58.6843,109.1946,50,24.7081,35.1322
1900979,20,-58.6843,109.1946,75,24.8573,34.6665
1900979,20,-58.6843,109.1946,100,24.2615,34.5566
1900979,20,-58.6843,109.1946,125,24.5214,34.6411
1900979,20,-58.6843,109.1946,150,22.3879,34.8512
1900979,20,-58.6843,109.1946,200,22.1029,35.2405
1900979,20,-58.6843,109.1946,250,22.0708,35.3375
1900979,20,-58.6843,109.1946,300,22.541,35.4478
1900979,20,-58.6843,109.1946,400,21.0717,34.6623
1900979,20,-58.6843,109.1946,500,18.7762,34.8323
1900979,20,-58.6843,109.1946,600,18.0501,35.3122
1900979,20,-58.6843,109.1946,700,17.351,34.9888
1900979,20,-58.6843,109.1946,800,15.5464,35.6121
1900979,20,-58.6843,109.1946,1000,13.6847,35.1043
1900979,20,-58.6843,109.1946,1200,12.344,35.5209
1900979,20,-58.6843,109.1946,1500,8.7866,35.5683
1900979,20,-58.6843,109.1946,2000,3.2202,35.1923
1900980,1,-30.6928,21.3841,5,24.5402,34.7903
1900980,1,-30.6928,21.3841,10,24.3046,35.2075
1900980,1,-30.6928,21.3841,20,24.4141,34.8538
1900980,1,-30.6928,21.3841,30,25.5374,35.3029
1900980,1,-30.6928,21.3841,50,23.9969,34.6344
1900980,1,-30.6928,21.3841,75,24.5282,34.8984
1900980,1,-30.6928,21.3841,100,24.8603,35.3434
1900980,1,-30.6928,21.3841,125,24.5342,35.3359
1900980,1,-30.6928,21.3841,150,22.9309,34.8251
1900980,1,-30.6928,21.3841,200,23.2283,34.8964
1900980,1,-30.6928,21.3841,250,22.1348,34.8189
1900980,1,-30.6928,21.3841,300,21.6582,34.7771
1900980,1,-30.6928,21.3841,400,20.6772,35.533
1900980,1,-30.6928,21.3841,500,19.8923,34.7623
1900980,1,-30.6928,21.3841,600,18.6314,35.2368
1900980,1,-30.6928,21.3841,700,16.7849,35.3448
1900980,1,-30.6928,21.3841,800,16.2621,35.3379
1900980,1,-30.6928,21.3841,1000,13.105,35.1633
1900980,1,-30.6928,21.3841,1200,12.2347,34.9005
1900980,1,-30.6928,21.3841,1500,9.0415,34.8802
1900980,1,-30.6928,21.3841,2000,3.1007,35.9291
1900980,2,-30.5108,21.3462,5,25.7018,34.9787
1900980,2,-30.5108,21.3462,10,24.2889,35.4664
1900980,2,-30.5108,21.3462,20,24.4223,35.1509
1900980,2,-30.5108,21.3462,30,25.4859,34.597
1900980,2,-30.5108,21.3462,50,24.5983,35.0477
1900980,2,-30.5108,21.3462,75,24.6212,35.4554
1900980,2,-30.5108,21.3462,100,24.7265,34.7001
1900980,2,-30.5108,21.3462,125,24.3895,34.707
1900980,2,-30.5108,21.3462,150,24.1893,35.5347
1900980,2,-30.5108,21.3462,200,22.594,35.0454
1900980,2,-30.5108,21.3462,250,23.1232,35.5246
1900980,2,-30.5108,21.3462,300,22.5521,35.4517
1900980,2,-30.5108,21.3462,400,19.6185,35.168
1900980,2,-30.5108,21.3462,500,18.7146,35.608
1900980,2,-30.5108,21.3462,600,17.9691,35.6391
1900980,2,-30.5108,21.3462,700,17.3866,35.1689
1900980,2,-30.5108,21.3462,800,17.0771,35.5511
1900980,2,-30.5108,21.3462,1000,13.936,34.9428
1900980,2,-30.5108,21.3462,1200,11.0253,34.9625
1900980,2,-30.5108,21.3462,1500,8.4178,35.1323
1900980,2,-30.5108,21.3462,2000,2.3724,35.7366
1900980,3,-30.1269,20.979,5,25.4596,34.6767
1900980,3,-30.1269,20.979,10,25.6023,35.3995
1900980,3,-30.1269,20.979,20,25.434,35.0203
1900980,3,-30.1269,20.979,30,23.8435,35.1768
1900980,3,-30.1269,20.979,50,23.8196,34.6531
1900980,3,-30.1269,20.979,75,23.8222,34.7668
1900980,3,-30.1269,20.979,100,23.4216,34.7605
1900980,3,-30.1269,20.979,125,24.1325,35.4853
1900980,3,-30.1269,20.979,150,22.9539,35.2604
1900980,3,-30.1269,20.979,200,21.8229,35.2037
1900980,3,-30.1269,20.979,250,22.6355,34.6246
1900980,3,-30.1269,20.979,300,20.9364,34.8818
1900980,3,-30.1269,20.979,400,20.4108,35.1025
1900980,3,-30.1269,20.979,500,20.2902,35.3286
1900980,3,-30.1269,20.979,600,18.022,34.7674
1900980,3,-30.1269,20.979,700,18.1323,34.97
1900980,3,-30.1269,20.979,800,16.4293,34.9191
1900980,3,-30.1269,20.979,1000,13.2671,34.9032
1900980,3,-30.1269,20.979,1200,12.2955,35.4057
1900980,3,-30.1269,20.979,1500,8.3317,35.4242
1900980,3,-30.1269,20.979,2000,2.9417,35.5375
1900980,4,-30.2536,20.6296,5,24.4399,35.256
1900980,4,-30.2536,20.6296,10,25.6363,34.5844
1900980,4,-30.2536,20.6296,20,24.6735,35.2088
1900980,4,-30.2536,20.6296,30,23.8262,35.0717
1900980,4,-30.2536,20.6296,50,23.5735,35.0601
1900980,4,-30.2536,20.6296,75,24.186,35.0915
1900980,4,-30.2536,20.6296,100,23.1997,34.8531
1900980,4,-30.2536,20.6296,125,23.6657,34.6475
1900980,4,-30.2536,20.6296,150,22.7608,35.1206
1900980,4,-30.2536,20.6296,200,21.9819,35.0604
1900980,4,-30.2536,20.6296,250,22.8674,35.0159
1900980,4,-30.2536,20.6296,300,21.7265,35.0318
1900980,4,-30.2536,20.6296,400,19.7155,35.0624
1900980,4,-30.2536,20.6296,500,20.1138,35.3483
1900980,4,-30.2536,20.6296,600,18.1919,35.4665
1900980,4,-30.2536,20.6296,700,17.7916,35.2533
1900980,4,-30.2536,20.6296,800,15.2906,35.0445
1900980,4,-30.2536,20.6296,1000,13.1275,35.7441
1900980,4,-30.2536,20.6296,1200,12.6692,34.869
1900980,4,-30.2536,20.6296,1500,9.3676,34.9067
1900980,4,-30.2536,20.6296,2000,2.8177,35.769
1900980,5,-30.1519,21.3895,5,25.2368,34.9216
1900980,5,-30.1519,21.3895,10,25.8757,34.885
1900980,5,-30.1519,21.3895,20,25.5192,35.4118
1900980,5,-30.1519,21.3895,30,24.4213,35.1902
1900980,5,-30.1519,21.3895,50,24.7736,35.0518
1900980,5,-30.1519,21.3895,75,24.4821,34.8665
1900980,5,-30.1519,21.3895,100,23.2569,35.0623
1900980,5,-30.1519,21.3895,125,23.6827,35.2591
1900980,5,-30.1519,21.3895,150,22.7954,34.541
1900980,5,-30.1519,21.3895,200,21.8455,34.8484
1900980,5,-30.1519,21.3895,250,22.597,35.1069
1900980,5,-30.1519,21.3895,300,21.7639,35.3984
1900980,5,-30.1519,21.3895,400,20.095,34.9462
1900980,5,-30.1519,21.3895,500,19.0513,35.5624
1900980,5,-30.1519,21.3895,600,18.85,34.7628
1900980,5,-30.1519,21.3895,700,17.919,35.0942
1900980,5,-30.1519,21.3895,800,16.7321,35.5838
1900980,5,-30.1519,21.3895,1000,13.0313,34.9561
1900980,5,-30.1519,21.3895,1200,11.0018,34.8336
1900980,5,-30.1519,21.3895,1500,8.6956,35.5783
1900980,5,-30.1519,21.3895,2000,2.0974,35.7405
1900980,6,-30.5154,20.6455,5,24.3795,35.365
1900980,6,-30.5154,20.6455,10,24.0029,35.0064
1900980,6,-30.5154,20.6455,20,24.3585,35.3208
1900980,6,-30.5154,20.6455,30,25.133,34.8264
1900980,6,-30.5154,20.6455,50,24.6458,35.185
1900980,6,-30.5154,20.6455,75,23.8163,34.8205
1900980,6,-30.5154,20.6455,100,23.1865,35.1852
1900980,6,-30.5154,20.6455,125,23.0671,34.8318
1900980,6,-30.5154,20.6455,150,22.4719,35.486
1900980,6,-30.5154,20.6455,200,23.5594,35.4616
1900980,6,-30.5154,20.6455,250,22.502,34.9897
1900980,6,-30.5154,20.6455,300,21.6912,35.5473
1900980,6,-30.5154,20.6455,400,21.4832,35.2713
1900980,6,-30.5154,20.6455,500,20.0716,34.9437
1900980,6,-30.5154,20.6455,600,18.2326,34.7992
1900980,6,-30.5154,20.6455,700,17.0529,35.4294
1900980,6,-30.5154,20.6455,800,16.147,35.5493
1900980,6,-30.5154,20.6455,1000,13.6015,35.4576
1900980,6,-30.5154,20.6455,1200,12.4116,35.7147
1900980,6,-30.5154,20.6455,1500,8.6248,35.8428
1900980,6,-30.5154,20.6455,2000,3.1146,35.1341
1900980,7,-30.6748,20.6145,5,25.2384,35.4235
1900980,7,-30.6748,20.6145,10,25.5843,34.595
1900980,7,-30.6748,20.6145,20,25.2292,34.6955
1900980,7,-30.6748,20.6145,30,24.2069,35.1812
1900980,7,-30.6748,20.6145,50,24.6558,35.3861
1900980,7,-30.6748,20.6145,75,23.5513,35.2804
1900980,7,-30.6748,20.6145,100,24.3486,35.0839
1900980,7,-30.6748,20.6145,125,23.5838,35.4007
1900980,7,-30.6748,20.6145,150,23.0159,35.4945
1900980,7,-30.6748,20.6145,200,21.8307,35.4872
1900980,7,-30.6748,20.6145,250,23.1742,34.6798
1900980,7,-30.6748,20.6145,300,22.6991,35.0539
1900980,7,-30.6748,20.6145,400,20.0852,35.2044
1900980,7,-30.6748,20.6145,500,18.909,35.5401
1900980,7,-30.6748,20.6145,600,18.5042,35.4255
1900980,7,-30.6748,20.6145,700,17.0613,35.2087
1900980,7,-30.6748,20.6145,800,15.9185,34.9616
1900980,7,-30.6748,20.6145,1000,14.0256,35.2473
1900980,7,-30.6748,20.6145,1200,10.9972,35.7813
1900980,7,-30.6748,20.6145,1500,8.439,35.7147
1900980,7,-30.6748,20.6145,2000,3.8287,35.3707
1900980,8,-30.5038,20.9737,5,24.3875,34.6472
1900980,8,-30.5038,20.9737,10,24.4115,35.4373
1900980,8,-30.5038,20.9737,20,24.9383,34.9226
1900980,8,-30.5038,20.9737,30,23.9748,34.8374
1900980,8,-30.5038,20.9737,50,24.2097,35.3459
1900980,8,-30.5038,20.9737,75,24.1736,35.1734
1900980,8,-30.5038,20.9737,100,24.2697,34.7823
1900980,8,-30.5038,20.9737,125,24.2682,35.4978
1900980,8,-30.5038,20.9737,150,23.6334,35.0281
1900980,8,-30.5038,20.9737,200,22.1365,35.345
1900980,8,-30.5038,20.9737,250,21.5885,35.2828
1900980,8,-30.5038,20.9737,300,21.6766,35.4919
1900980,8,-30.5038,20.9737,400,20.6843,35.2418
1900980,8,-30.5038,20.9737,500,18.6175,34.6588
1900980,8,-30.5038,20.9737,600,19.0934,35.5952
1900980,8,-30.5038,20.9737,700,17.6364,35.4393
1900980,8,-30.5038,20.9737,800,16.0248,35.5425
1900980,8,-30.5038,20.9737,1000,13.4629,35.4572
1900980,8,-30.5038,20.9737,1200,10.8183,35.3057
1900980,8,-30.5038,20.9737,1500,8.2464,35.4928
1900980,8,-30.5038,20.9737,2000,3.3335,35.6165
1900980,9,-30.4345,20.899,5,23.9582,35.0529
1900980,9,-30.4345,20.899,10,23.9137,35.0319
1900980,9,-30.4345,20.899,20,24.3295,35.4825
1900980,9,-30.4345,20.899,30,23.7043,35.3207
1900980,9,-30.4345,20.899,50,24.7981,35.3187
1900980,9,-30.4345,20.899,75,24.9945,34.6258
1900980,9,-30.4345,20.899,100,23.0926,34.6739
1900980,9,-30.4345,20.899,125,23.0089,35.0577
1900980,9,-30.4345,20.899,150,23.9804,34.8048
1900980,9,-30.4345,20.899,200,22.5938,34.9231
1900980,9,-30.4345,20.899,250,22.0621,35.1275
1900980,9,-30.4345,20.899,300,22.6805,34.8009
1900980,9,-30.4345,20.899,400,20.9681,35.4479
1900980,9,-30.4345,20.899,500,19.8075,35.4832
1900980,9,-30.4345,20.899,600,18.9192,34.7435
1900980,9,-30.4345,20.899,700,17.0585,35.2277
1900980,9,-30.4345,20.899,800,15.3122,34.7095
1900980,9,-30.4345,20.899,1000,13.3428,35.2499
1900980,9,-30.4345,20.899,1200,11.6678,35.5844
1900980,9,-30.4345,20.899,1500,8.6317,35.733
1900980,9,-30.4345,20.899,2000,2.1907,35.5282
1900980,10,-30.8752,20.6226,5,25.6812,35.3888
1900980,10,-30.8752,20.6226,10,24.841,34.5491
1900980,10,-30.8752,20.6226,20,23.9287,35.4306
1900980,10,-30.8752,20.6226,30,25.4686,35.071
1900980,10,-30.8752,20.6226,50,23.5158,35.4413
1900980,10,-30.8752,20.6226,75,23.804,35.4802
1900980,10,-30.8752,20.6226,100,24.0741,35.2773
1900980,10,-30.8752,20.6226,125,24.0504,34.9295
1900980,10,-30.8752,20.6226,150,22.5039,34.7
1900980,10,-30.8752,20.6226,200,22.2809,35.3847
1900980,10,-30.8752,20.6226,250,22.0283,35.459
1900980,10,-30.8752,20.6226,300,21.3635,35.3306
1900980,10,-30.8752,20.6226,400,19.8799,35.5885
1900980,10,-30.8752,20.6226,500,19.9483,35.1258
1900980,10,-30.8752,20.6226,600,19.3486,34.7037
1900980,10,-30.8752,20.6226,700,17.1742,35.5137
1900980,10,-30.8752,20.6226,800,15.8812,35.469
1900980,10,-30.8752,20.6226,1000,14.9097,35.1467
1900980,10,-30.8752,20.6226,1200,12.3471,34.8296
1900980,10,-30.8752,20.6226,1500,8.0467,35.8676
1900980,10,-30.8752,20.6226,2000,2.9812,35.3558
1900980,11,-29.9766,20.843,5,25.3044,35.1619
1900980,11,-29.9766,20.843,10,24.0614,35.1211
1900980,11,-29.9766,20.843,20,25.3761,35.2181
1900980,11,-29.9766,20.843,30,23.8341,34.6617
1900980,11,-29.9766,20.843,50,24.8734,35.1464
1900980,11,-29.9766,20.843,75,24.6543,34.8354
1900980,11,-29.9766,20.843,100,23.1131,34.5302
1900980,11,-29.9766,20.843,125,23.2415,34.8912
1900980,11,-29.9766,20.843,150,22.8895,34.67
1900980,11,-29.9766,20.843,200,22.1748,34.9988
1900980,11,-29.9766,20.843,250,22.3595,34.9705
1900980,11,-29.9766,20.843,300,20.7525,34.9289
1900980,11,-29.9766,20.843,400,19.7861,35.198
1900980,11,-29.9766,20.843,500,19.1489,35.0102
1900980,11,-29.9766,20.843,600,17.9837,35.0378
1900980,11,-29.9766,20.843,700,16.4694,35.5761
1900980,11,-29.9766,20.843,800,17.0104,35.6782
1900980,11,-29.9766,20.843,1000,14.1439,34.9196
1900980,11,-29.9766,20.843,1200,11.5615,34.9388
1900980,11,-29.9766,20.843,1500,8.1023,35.3681
1900980,11,-29.9766,20.843,2000,2.1265,35.4347
1900980,12,-30.4966,20.8954,5,24.0988,34.7529
1900980,12,-30.4966,20.8954,10,24.3832,35.1275
1900980,12,-30.4966,20.8954,20,24.9676,34.7005
1900980,12,-30.4966,20.8954,30,23.8839,34.8122
1900980,12,-30.4966,20.8954,50,25.3476,34.8447
1900980,12,-30.4966,20.8954,75,24.4154,35.3228
1900980,12,-30.4966,20.8954,100,23.5591,34.8597
1900980,12,-30.4966,20.8954,125,24.256,35.3908
1900980,12,-30.4966,20.8954,150,24.2985,34.6736
1900980,12,-30.4966,20.8954,200,22.4413,35.4973
1900980,12,-30.4966,20.8954,250,21.6517,34.8767
1900980,12,-30.4966,20.8954,300,22.6291,35.5437
1900980,12,-30.4966,20.8954,400,20.1829,35.295
1900980,12,-30.4966,20.8954,500,19.482,35.2009
1900980,12,-30.4966,20.8954,600,17.8848,35.0261
1900980,12,-30.4966,20.8954,700,17.933,35.0679
1900980,12,-30.4966,20.8954,800,15.4278,35.2639
1900980,12,-30.4966,20.8954,1000,14.1845,35.2956
1900980,12,-30.4966,20.8954,1200,12.1634,35.3501
1900980,12,-30.4966,20.8954,1500,9.406,35.3366
1900980,12,-30.4966,20.8954,2000,3.4167,35.4385
1900980,13,-30.6264,21.104,5,25.5829,35.2969
1900980,13,-30.6264,21.104,10,24.7083,35.0018
1900980,13,-30.6264,21.104,20,25.0467,34.747
1900980,13,-30.6264,21.104,30,24.9873,35.2227
1900980,13,-30.6264,21.104,50,25.0282,34.5865
1900980,13,-30.6264,21.104,75,25.1564,34.998
1900980,13,-30.6264,21.104,100,23.7016,35.0316
1900980,13,-30.6264,21.104,125,24.4658,35.223
1900980,13,-30.6264,21.104,150,23.4373,35.3282
1900980,13,-30.6264,21.104,200,22.5191,35.4455
1900980,13,-30.6264,21.104,250,22.3238,35.2007
1900980,13,-30.6264,21.104,300,20.87,35.344
1900980,13,-30.6264,21.104,400,20.9152,34.955
1900980,13,-30.6264,21.104,500,19.794,34.6693
1900980,13,-30.6264,21.104,600,19.3672,35.3275
1900980,13,-30.6264,21.104,700,17.0992,35.4277
1900980,13,-30.6264,21.104,800,17.1314,35.1305
1900980,13,-30.6264,21.104,1000,13.0211,35.0087
1900980,13,-30.6264,21.104,1200,11.8214,35.3188
1900980,13,-30.6264,21.104,1500,8.661,35.4502
1900980,13,-30.6264,21.104,2000,2.8916,35.3911
1900980,14,-30.1454,20.9998,5,24.9459,34.8462
1900980,14,-30.1454,20.9998,10,23.9391,34.607
1900980,14,-30.1454,20.9998,20,24.612,35.4667
1900980,14,-30.1454,20.9998,30,23.9021,35.4482
1900980,14,-30.1454,20.9998,50,23.7334,34.8244
1900980,14,-30.1454,20.9998,75,24.0857,34.7256
1900980,14,-30.1454,20.9998,100,23.8659,35.0012
1900980,14,-30.1454,20.9998,125,23.5013,35.228
1900980,14,-30.1454,20.9998,150,22.9878,34.8378
1900980,14,-30.1454,20.9998,200,23.4204,34.6651
1900980,14,-30.1454,20.9998,250,22.9484,35.2105
1900980,14,-30.1454,20.9998,300,22.0543,34.7394
1900980,14,-30.1454,20.9998,400,21.5678,34.8439
1900980,14,-30.1454,20.9998,500,18.8489,34.7851
1900980,14,-30.1454,20.9998,600,18.5197,35.6085
1900980,14,-30.1454,20.9998,700,16.7637,35.08
1900980,14,-30.1454,20.9998,800,15.5689,35.3405
1900980,14,-30.1454,20.9998,1000,13.8643,34.7792
1900980,14,-30.1454,20.9998,1200,12.0282,34.9973
1900980,14,-30.1454,20.9998,1500,8.6844,35.2638
1900980,14,-30.1454,20.9998,2000,3.4095,35.2058
1900980,15,-30.1654,21.2199,5,24.0701,34.603
1900980,15,-30.1654,21.2199,10,25.634,34.6895
1900980,15,-30.1654,21.2199,20,24.432,34.9626
1900980,15,-30.1654,21.2199,30,24.1947,35.3701
1900980,15,-30.1654,21.2199,50,24.5054,35.1516
1900980,15,-30.1654,21.2199,75,24.3689,35.1301
1900980,15,-30.1654,21.2199,100,24.074,34.8729
1900980,15,-30.1654,21.2199,125,24.316,35.1486
1900980,15,-30.1654,21.2199,150,23.9775,35.2435
1900980,15,-30.1654,21.2199,200,22.3949,35.1645
1900980,15,-30.1654,21.2199,250,21.4195,34.6964
1900980,15,-30.1654,21.2199,300,20.9357,34.8804
1900980,15,-30.1654,21.2199,400,19.9661,35.2934
1900980,15,-30.1654,21.2199,500,19.5216,35.0432
1900980,15,-30.1654,21.2199,600,17.6757,35.0337
1900980,15,-30.1654,21.2199,700,16.6715,35.3105
1900980,15,-30.1654,21.2199,800,16.5869,35.3453
1900980,15,-30.1654,21.2199,1000,14.9998,35.3049
1900980,15,-30.1654,21.2199,1200,11.7793,34.9403
1900980,15,-30.1654,21.2199,1500,8.1292,35.326
1900980,15,-30.1654,21.2199,2000,2.1072,35.359
1900980,16,-30.9081,20.5477,5,25.5754,35.4651
1900980,16,-30.9081,20.5477,10,24.9009,34.9975
1900980,16,-30.9081,20.5477,20,25.1494,34.9206
1900980,16,-30.9081,20.5477,30,25.3498,34.9962
1900980,16,-30.9081,20.5477,50,23.6153,34.5434
1900980,16,-30.9081,20.5477,75,24.6971,34.8108
1900980,16,-30.9081,20.5477,100,23.4497,35.0626
1900980,16,-30.9081,20.5477,125,22.9614,34.9886
1900980,16,-30.9081,20.5477,150,23.835,35.3034
1900980,16,-30.9081,20.5477,200,22.8995,34.6632
1900980,16,-30.9081,20.5477,250,21.4784,35.3376
1900980,16,-30.9081,20.5477,300,22.3466,34.9419
1900980,16,-30.9081,20.5477,400,21.2452,34.6416
1900980,16,-30.9081,20.5477,500,19.938,35.1714
1900980,16,-30.9081,20.5477,600,19.3796,34.7524
1900980,16,-30.9081,20.5477,700,17.9601,35.4263
1900980,16,-30.9081,20.5477,800,15.7954,35.6993
1900980,16,-30.9081,20.5477,1000,13.8995,35.0986
1900980,16,-30.9081,20.5477,1200,12.4335,35.2391
1900980,16,-30.9081,20.5477,1500,9.4879,35.6506
1900980,16,-30.9081,20.5477,2000,2.4739,35.8107
1900980,17,-30.3298,20.7618,5,25.3665,35.134
1900980,17,-30.3298,20.7618,10,24.222,34.6417
1900980,17,-30.3298,20.7618,20,24.1932,34.7119
1900980,17,-30.3298,20.7618,30,23.7887,34.8583
1900980,17,-30.3298,20.7618,50,24.0122,35.0513
1900980,17,-30.3298,20.7618,75,23.8223,35.2228
1900980,17,-30.3298,20.7618,100,23.4787,34.7923
1900980,17,-30.3298,20.7618,125,24.341,35.5167
1900980,17,-30.3298,20.7618,150,23.7086,34.6327
1900980,17,-30.3298,20.7618,200,23.7255,35.3357
1900980,17,-30.3298,20.7618,250,23.0875,35.555
1900980,17,-30.3298,20.7618,300,22.4341,34.7019
1900980,17,-30.3298,20.7618,400,21.3322,34.8497
1900980,17,-30.3298,20.7618,500,19.9228,35.4535
1900980,17,-30.3298,20.7618,600,18.9229,35.3262
1900980,17,-30.3298,20.7618,700,17.2789,35.2524
1900980,17,-30.3298,20.7618,800,15.7374,35.1142
1900980,17,-30.3298,20.7618,1000,13.904,35.3836
1900980,17,-30.3298,20.7618,1200,12.5603,34.8931
1900980,17,-30.3298,20.7618,1500,8.5312,35.1532
1900980,17,-30.3298,20.7618,2000,3.8727,35.3691
1900980,18,-29.9674,20.7385,5,23.9499,35.2754
1900980,18,-29.9674,20.7385,10,25.3554,35.2334
1900980,18,-29.9674,20.7385,20,24.6969,35.1691
1900980,18,-29.9674,20.7385,30,24.3864,34.5708
1900980,18,-29.9674,20.7385,50,24.5188,34.7303
1900980,18,-29.9674,20.7385,75,24.0343,34.7306
1900980,18,-29.9674,20.7385,100,23.4371,35.3533
1900980,18,-29.9674,20.7385,125,23.3005,35.1092
1900980,18,-29.9674,20.7385,150,23.4823,35.0228
1900980,18,-29.9674,20.7385,200,22.4875,35.2326
1900980,18,-29.9674,20.7385,250,21.3468,34.6621
1900980,18,-29.9674,20.7385,300,22.2678,35.0346
1900980,18,-29.9674,20.7385,400,19.8485,35.4577
1900980,18,-29.9674,20.7385,500,19.3826,34.6257
1900980,18,-29.9674,20.7385,600,19.3161,34.8523
1900980,18,-29.9674,20.7385,700,17.6772,34.8069
1900980,18,-29.9674,20.7385,800,16.5,34.859
1900980,18,-29.9674,20.7385,1000,14.8655,35.024
1900980,18,-29.9674,20.7385,1200,12.1092,35.0504
1900980,18,-29.9674,20.7385,1500,8.2437,35.7788
1900980,18,-29.9674,20.7385,2000,2.3311,35.3963
1900980,19,-30.6122,21.1106,5,24.4133,35.1567
1900980,19,-30.6122,21.1106,10,25.2974,34.5036
1900980,19,-30.6122,21.1106,20,24.7336,34.6377
1900980,19,-30.6122,21.1106,30,24.1224,35.1875
1900980,19,-30.6122,21.1106,50,23.4686,35.2081
1900980,19,-30.6122,21.1106,75,24.8092,35.5069
1900980,19,-30.6122,21.1106,100,23.7446,34.6572
1900980,19,-30.6122,21.1106,125,22.7667,34.9143
1900980,19,-30.6122,21.1106,150,23.8115,34.6399
1900980,19,-30.6122,21.1106,200,22.4267,35.431
1900980,19,-30.6122,21.1106,250,21.5243,35.336
1900980,19,-30.6122,21.1106,300,22.2063,34.7081
1900980,19,-30.6122,21.1106,400,21.5859,34.7429
1900980,19,-30.6122,21.1106,500,19.561,34.6335
1900980,19,-30.6122,21.1106,600,18.7,35.0901
1900980,19,-30.6122,21.1106,700,17.7449,35.3031
1900980,19,-30.6122,21.1106,800,15.5027,35.1117
1900980,19,-30.6122,21.1106,1000,14.3731,35.61
1900980,19,-30.6122,21.1106,1200,10.9734,34.9005
1900980,19,-30.6122,21.1106,1500,9.0049,35.4646
1900980,19,-30.6122,21.1106,2000,2.7681,35.9632
1900980,20,-30.6032,20.551,5,24.4989,34.5855
1900980,20,-30.6032,20.551,10,24.9968,35.1025
1900980,20,-30.6032,20.551,20,24.9952,35.284
1900980,20,-30.6032,20.551,30,25.051,35.3554
1900980,20,-30.6032,20.551,50,24.7668,34.8141
1900980,20,-30.6032,20.551,75,24.2105,35.0283
1900980,20,-30.6032,20.551,100,24.3957,34.8205
1900980,20,-30.6032,20.551,125,22.7341,35.4292
1900980,20,-30.6032,20.551,150,24.2593,35.0324
1900980,20,-30.6032,20.551,200,22.0255,35.0496
1900980,20,-30.6032,20.551,250,22.4379,35.0908
1900980,20,-30.6032,20.551,300,22.6554,35.5619
1900980,20,-30.6032,20.551,400,21.4678,34.732
1900980,20,-30.6032,20.551,500,20.2216,35.1934
1900980,20,-30.6032,20.551,600,18.1308,35.3329
1900980,20,-30.6032,20.551,700,17.8255,35.6295
1900980,20,-30.6032,20.551,800,16.7407,34.7167
1900980,20,-30.6032,20.551,1000,13.1351,35.0122
1900980,20,-30.6032,20.551,1200,10.8797,34.8605
1900980,20,-30.6032,20.551,1500,9.0786,35.3816
1900980,20,-30.6032,20.551,2000,3.2571,35.501
1900981,1,-10.5657,72.6884,5,25.1771,34.7787
1900981,1,-10.5657,72.6884,10,24.5098,35.0138
1900981,1,-10.5657,72.6884,20,24.1864,35.3131
1900981,1,-10.5657,72.6884,30,24.7428,34.8982
1900981,1,-10.5657,72.6884,50,24.7186,35.347
1900981,1,-10.5657,72.6884,75,24.5371,34.5849
1900981,1,-10.5657,72.6884,100,24.2974,35.255
1900981,1,-10.5657,72.6884,125,24.3179,34.5892
1900981,1,-10.5657,72.6884,150,22.5224,34.972
1900981,1,-10.5657,72.6884,200,22.7067,35.1588
1900981,1,-10.5657,72.6884,250,21.8686,35.3042
1900981,1,-10.5657,72.6884,300,22.1813,34.6944
1900981,1,-10.5657,72.6884,400,21.0158,35.3015
1900981,1,-10.5657,72.6884,500,18.8277,35.578
1900981,1,-10.5657,72.6884,600,18.446,35.433
1900981,1,-10.5657,72.6884,700,17.7415,34.842
1900981,1,-10.5657,72.6884,800,15.4539,35.4811
1900981,1,-10.5657,72.6884,1000,13.5375,35.6364
1900981,1,-10.5657,72.6884,1200,12.3429,34.8294
1900981,1,-10.5657,72.6884,1500,9.1142,35.147
1900981,1,-10.5657,72.6884,2000,2.1277,35.7123
1900981,2,-10.0715,72.2289,5,24.8554,34.8614
1900981,2,-10.0715,72.2289,10,24.8892,35.0694
1900981,2,-10.0715,72.2289,20,24.5154,34.7601
1900981,2,-10.0715,72.2289,30,23.8758,35.0814
1900981,2,-10.0715,72.2289,50,24.8956,34.7409
1900981,2,-10.0715,72.2289,75,24.1926,34.5628
1900981,2,-10.0715,72.2289,100,24.6259,34.7696
1900981,2,-10.0715,72.2289,125,23.5685,34.9142
1900981,2,-10.0715,72.2289,150,22.6502,35.4687
1900981,2,-10.0715,72.2289,200,23.515,35.1029
1900981,2,-10.0715,72.2289,250,23.0779,35.3032
1900981,2,-10.0715,72.2289,300,21.5387,34.8968
1900981,2,-10.0715,72.2289,400,20.4325,35.3203
1900981,2,-10.0715,72.2289,500,19.0425,34.7029
1900981,2,-10.0715,72.2289,600,18.1456,35.152
1900981,2,-10.0715,72.2289,700,18.1039,34.8543
1900981,2,-10.0715,72.2289,800,16.8087,35.6814
1900981,2,-10.0715,72.2289,1000,14.9082,34.8189
1900981,2,-10.0715,72.2289,1200,11.7302,35.0823
1900981,2,-10.0715,72.2289,1500,9.1897,35.2023
1900981,2,-10.0715,72.2289,2000,3.1062,35.008
1900981,3,-10.4475,72.7156,5,24.5528,35.124
1900981,3,-10.4475,72.7156,10,24.8179,35.0942
1900981,3,-10.4475,72.7156,20,24.7667,35.2776
1900981,3,-10.4475,72.7156,30,24.0608,35.4079
1900981,3,-10.4475,72.7156,50,24.971,34.7576
1900981,3,-10.4475,72.7156,75,23.1878,34.9288
1900981,3,-10.4475,72.7156,100,23.366,34.8714
1900981,3,-10.4475,72.7156,125,24.3041,35.4084
1900981,3,-10.4475,72.7156,150,24.252,34.539
1900981,3,-10.4475,72.7156,200,23.1146,35.399
1900981,3,-10.4475,72.7156,250,22.7044,34.6664
1900981,3,-10.4475,72.7156,300,21.7596,34.8132
1900981,3,-10.4475,72.7156,400,20.5841,34.6599
1900981,3,-10.4475,72.7156,500,20.4939,35.3367
1900981,3,-10.4475,72.7156,600,17.5861,35.5713
1900981,3,-10.4475,72.7156,700,18.0946,35.1948
1900981,3,-10.4475,72.7156,800,16.6017,35.0725
1900981,3,-10.4475,72.7156,1000,14.9491,34.8349
1900981,3,-10.4475,72.7156,1200,10.9912,34.9335
1900981,3,-10.4475,72.7156,1500,9.1399,34.9498
1900981,3,-10.4475,72.7156,2000,3.1356,35.435
1900981,4,-9.6839,72.3886,5,24.467,34.8163
1900981,4,-9.6839,72.3886,10,25.4916,35.2032
1900981,4,-9.6839,72.3886,20,25.2507,34.8231
1900981,4,-9.6839,72.3886,30,24.2139,34.5822
1900981,4,-9.6839,72.3886,50,23.8554,35.2924
1900981,4,-9.6839,72.3886,75,24.3444,34.6742
1900981,4,-9.6839,72.3886,100,23.2287,34.9911
1900981,4,-9.6839,72.3886,125,23.438,35.0672
1900981,4,-9.6839,72.3886,150,24.2793,34.7451
1900981,4,-9.6839,72.3886,200,22.4166,34.815
1900981,4,-9.6839,72.3886,250,21.4898,34.7201
1900981,4,-9.6839,72.3886,300,22.0721,35.4014
1900981,4,-9.6839,72.3886,400,20.9938,34.6403
1900981,4,-9.6839,72.3886,500,20.1718,34.9528
1900981,4,-9.6839,72.3886,600,17.5824,34.8982
1900981,4,-9.6839,72.3886,700,17.0115,35.1885
1900981,4,-9.6839,72.3886,800,16.5544,34.9602
1900981,4,-9.6839,72.3886,1000,14.9814,34.7811
1900981,4,-9.6839,72.3886,1200,11.6088,35.2522
1900981,4,-9.6839,72.3886,1500,8.9962,35.1249
1900981,4,-9.6839,72.3886,2000,2.9241,35.8039
1900981,5,-10.5084,72.1638,5,25.6057,35.4838
1900981,5,-10.5084,72.1638,10,24.1514,35.3262
1900981,5,-10.5084,72.1638,20,24.5245,35.1353
1900981,5,-10.5084,72.1638,30,24.9594,35.0898
1900981,5,-10.5084,72.1638,50,23.9676,35.3252
1900981,5,-10.5084,72.1638,75,23.2186,34.5832
1900981,5,-10.5084,72.1638,100,24.705,34.9684
1900981,5,-10.5084,72.1638,125,22.8826,35.4363
1900981,5,-10.5084,72.1638,150,24.0087,34.869
1900981,5,-10.5084,72.1638,200,21.8854,35.011
1900981,5,-10.5084,72.1638,250,21.586,35.1364
1900981,5,-10.5084,72.1638,300,22.3434,34.97
1900981,5,-10.5084,72.1638,400,19.659,35.2832
1900981,5,-10.5084,72.1638,500,18.8456,34.8397
1900981,5,-10.5084,72.1638,600,17.7743,34.9299
1900981,5,-10.5084,72.1638,700,18.0668,34.7096
1900981,5,-10.5084,72.1638,800,16.4384,34.9458
1900981,5,-10.5084,72.1638,1000,13.5902,35.162
1900981,5,-10.5084,72.1638,1200,11.9014,34.861
1900981,5,-10.5084,72.1638,1500,8.0596,35.0122
1900981,5,-10.5084,72.1638,2000,2.3989,35.8847
1900981,6,-10.1223,72.7826,5,25.5493,35.2961
1900981,6,-10.1223,72.7826,10,25.8688,35.2844
1900981,6,-10.1223,72.7826,20,24.4982,35.0495
1900981,6,-10.1223,72.7826,30,24.6394,35.4202
1900981,6,-10.1223,72.7826,50,24.4548,34.9009
1900981,6,-10.1223,72.7826,75,23.5346,34.8376
1900981,6,-10.1223,72.7826,100,23.338,35.4208
1900981,6,-10.1223,72.7826,125,24.1821,34.5898
1900981,6,-10.1223,72.7826,150,24.3331,35.0669
1900981,6,-10.1223,72.7826,200,23.3337,35.5496
1900981,6,-10.1223,72.7826,250,23.198,34.6626
1900981,6,-10.1223,72.7826,300,22.0137,34.8415
1900981,6,-10.1223,72.7826,400,21.2326,35.5173
1900981,6,-10.1223,72.7826,500,18.6118,35.6214
1900981,6,-10.1223,72.7826,600,17.8388,35.4965
1900981,6,-10.1223,72.7826,700,17.8948,35.0298
1900981,6,-10.1223,72.7826,800,16.8784,35.5452
1900981,6,-10.1223,72.7826,1000,13.3522,35.3425
1900981,6,-10.1223,72.7826,1200,12.4124,35.4976
1900981,6,-10.1223,72.7826,1500,9.328,34.9032
1900981,6,-10.1223,72.7826,2000,3.4011,35.9476
1900981,7,-10.0846,72.7149,5,24.3215,35.4893
1900981,7,-10.0846,72.7149,10,25.6533,34.9947
1900981,7,-10.0846,72.7149,20,24.3981,34.9954
1900981,7,-10.0846,72.7149,30,23.8505,34.7401
1900981,7,-10.0846,72.7149,50,23.8876,35.0389
1900981,7,-10.0846,72.7149,75,23.1764,35.4366
1900981,7,-10.0846,72.7149,100,23.3029,34.6555
1900981,7,-10.0846,72.7149,125,24.0589,35.45
1900981,7,-10.0846,72.7149,150,24.0386,34.8611
1900981,7,-10.0846,72.7149,200,21.8438,35.1366
1900981,7,-10.0846,72.7149,250,23.0844,35.3369
1900981,7,-10.0846,72.7149,300,22.393,35.4357
1900981,7,-10.0846,72.7149,400,21.5211,34.9736
1900981,7,-10.0846,72.7149,500,20.3838,35.0206
1900981,7,-10.0846,72.7149,600,17.6021,34.9518
1900981,7,-10.0846,72.7149,700,16.5729,34.8325
1900981,7,-10.0846,72.7149,800,17.0974,35.4918
1900981,7,-10.0846,72.7149,1000,14.9213,35.3992
1900981,7,-10.0846,72.7149,1200,11.1484,35.7687
1900981,7,-10.0846,72.7149,1500,8.8871,35.8038
1900981,7,-10.0846,72.7149,2000,3.574,35.2232
1900981,8,-10.0592,72.3272,5,24.5586,35.1897
1900981,8,-10.0592,72.3272,10,24.1447,35.2313
1900981,8,-10.0592,72.3272,20,25.6776,35.4537
1900981,8,-10.0592,72.3272,30,24.4532,35.5018
1900981,8,-10.0592,72.3272,50,25.3804,34.5449
1900981,8,-10.0592,72.3272,75,24.3798,35.4398
1900981,8,-10.0592,72.3272,100,24.8351,34.7459
1900981,8,-10.0592,72.3272,125,23.7561,35.4679
1900981,8,-10.0592,72.3272,150,22.6313,35.2828
1900981,8,-10.0592,72.3272,200,22.276,35.5324
1900981,8,-10.0592,72.3272,250,21.5858,35.4478
1900981,8,-10.0592,72.3272,300,20.8775,35.284
1900981,8,-10.0592,72.3272,400,20.8782,35.4867
1900981,8,-10.0592,72.3272,500,19.3933,34.8902
1900981,8,-10.0592,72.3272,600,17.8991,34.7178
1900981,8,-10.0592,72.3272,700,16.8133,34.783
1900981,8,-10.0592,72.3272,800,15.2026,35.0859
1900981,8,-10.0592,72.3272,1000,14.4652,35.7191
1900981,8,-10.0592,72.3272,1200,12.5691,35.2931
1900981,8,-10.0592,72.3272,1500,8.2574,35.421
1900981,8,-10.0592,72.3272,2000,2.2029,35.4795
1900981,9,-9.7841,72.8028,5,25.3193,34.6639
1900981,9,-9.7841,72.8028,10,24.0374,35.3483
1900981,9,-9.7841,72.8028,20,24.3698,34.8237
1900981,9,-9.7841,72.8028,30,25.5733,34.5817
1900981,9,-9.7841,72.8028,50,23.7902,34.888
1900981,9,-9.7841,72.8028,75,24.639,35.0658
1900981,9,-9.7841,72.8028,100,24.6962,34.6181
1900981,9,-9.7841,72.8028,125,23.8131,35.1449
1900981,9,-9.7841,72.8028,150,23.3155,34.5685
1900981,9,-9.7841,72.8028,200,23.6849,34.715
1900981,9,-9.7841,72.8028,250,23.0295,34.7196
1900981,9,-9.7841,72.8028,300,20.9025,34.7806
1900981,9,-9.7841,72.8028,400,19.98,35.2972
1900981,9,-9.7841,72.8028,500,19.9441,35.355
1900981,9,-9.7841,72.8028,600,17.9305,34.9315
1900981,9,-9.7841,72.8028,700,16.7751,34.7246
1900981,9,-9.7841,72.8028,800,16.3435,35.5399
1900981,9,-9.7841,72.8028,1000,13.3072,35.1108
1900981,9,-9.7841,72.8028,1200,11.6552,35.0945
1900981,9,-9.7841,72.8028,1500,8.824,35.4752
1900981,9,-9.7841,72.8028,2000,2.3993,35.0257
1900981,10,-10.4773,72.4436,5,24.1089,35.345
1900981,10,-10.4773,72.4436,10,24.5067,34.9
1900981,10,-10.4773,72.4436,20,24.7582,35.166
1900981,10,-10.4773,72.4436,30,23.8523,35.0516
1900981,10,-10.4773,72.4436,50,23.8198,35.398
1900981,10,-10.4773,72.4436,75,23.9138,34.9645
1900981,10,-10.4773,72.4436,100,23.4266,34.9901
1900981,10,-10.4773,72.4436,125,23.0775,34.7998
1900981,10,-10.4773,72.4436,150,22.4733,35.2897
1900981,10,-10.4773,72.4436,200,23.1349,34.6357
1900981,10,-10.4773,72.4436,250,21.9376,35.1039
1900981,10,-10.4773,72.4436,300,22.6414,35.1647
1900981,10,-10.4773,72.4436,400,20.7072,35.4408
1900981,10,-10.4773,72.4436,500,20.1368,35.0436
1900981,10,-10.4773,72.4436,600,18.471,35.5169
1900981,10,-10.4773,72.4436,700,17.2496,35.5567
1900981,10,-10.4773,72.4436,800,16.1525,34.779
1900981,10,-10.4773,72.4436,1000,14.8056,35.4643
1900981,10,-10.4773,72.4436,1200,11.8042,35.7005
1900981,10,-10.4773,72.4436,1500,9.1009,35.5525
1900981,10,-10.4773,72.4436,2000,3.2405,35.1203
1900981,11,-9.891,72.3247,5,25.9137,35.4734
1900981,11,-9.891,72.3247,10,25.5069,34.6287
1900981,11,-9.891,72.3247,20,24.6267,35.4933
1900981,11,-9.891,72.3247,30,24.5408,35.5048
1900981,11,-9.891,72.3247,50,24.7045,35.3466
1900981,11,-9.891,72.3247,75,23.6908,35.4296
1900981,11,-9.891,72.3247,100,24.7283,34.592
1900981,11,-9.891,72.3247,125,23.4012,34.9286
1900981,11,-9.891,72.3247,150,23.0023,34.8137
1900981,11,-9.891,72.3247,200,22.7163,35.4235
1900981,11,-9.891,72.3247,250,22.8231,35.1856
1900981,11,-9.891,72.3247,300,21.7451,34.9946
1900981,11,-9.891,72.3247,400,20.4289,34.7482
1900981,11,-9.891,72.3247,500,19.6759,35.3834
1900981,11,-9.891,72.3247,600,19.2793,35.5749
1900981,11,-9.891,72.3247,700,17.4254,34.776
1900981,11,-9.891,72.3247,800,15.7722,35.2356
1900981,11,-9.891,72.3247,1000,13.6877,35.1609
1900981,11,-9.891,72.3247,1200,11.5661,35.2856
1900981,11,-9.891,72.3247,1500,8.7179,34.9125
1900981,11,-9.891,72.3247,2000,2.5508,35.1439
1900981,12,-10.0395,72.8455,5,24.0226,35.3908
1900981,12,-10.0395,72.8455,10,24.553,34.7401
1900981,12,-10.0395,72.8455,20,25.2715,35.4258
1900981,12,-10.0395,72.8455,30,25.4641,34.5277
1900981,12,-10.0395,72.8455,50,25.0848,34.8156
1900981,12,-10.0395,72.8455,75,23.7357,35.0104
1900981,12,-10.0395,72.8455,100,24.2924,34.6232
1900981,12,-10.0395,72.8455,125,24.3628,34.6656
1900981,12,-10.0395,72.8455,150,24.2984,34.9806
1900981,12,-10.0395,72.8455,200,23.4516,34.8194
1900981,12,-10.0395,72.8455,250,22.0835,35.2081
1900981,12,-10.0395,72.8455,300,21.0759,34.7864
1900981,12,-10.0395,72.8455,400,21.2479,35.3409
1900981,12,-10.0395,72.8455,500,20.019,35.4922
1900981,12,-10.0395,72.8455,600,19.042,35.1653
1900981,12,-10.0395,72.8455,700,16.6179,34.9861
1900981,12,-10.0395,72.8455,800,16.2136,34.8356
1900981,12,-10.0395,72.8455,1000,14.7026,35.6293
1900981,12,-10.0395,72.8455,1200,10.8579,34.9928
1900981,12,-10.0395,72.8455,1500,9.1659,35.712
1900981,12,-10.0395,72.8455,2000,2.499,35.4564
1900981,13,-9.7301,72.8565,5,24.493,35.3248
1900981,13,-9.7301,72.8565,10,24.9003,35.1379
1900981,13,-9.7301,72.8565,20,24.0277,34.5356
1900981,13,-9.7301,72.8565,30,24.4149,35.1015
1900981,13,-9.7301,72.8565,50,23.8052,35.383
1900981,13,-9.7301,72.8565,75,24.3488,34.8685
1900981,13,-9.7301,72.8565,100,23.227,35.4195
1900981,13,-9.7301,72.8565,125,24.1229,35.2201
1900981,13,-9.7301,72.8565,150,22.9201,34.9241
1900981,13,-9.7301,72.8565,200,22.1258,35.1223
1900981,13,-9.7301,72.8565,250,23.1798,35.4196
1900981,13,-9.7301,72.8565,300,21.9948,35.2527
1900981,13,-9.7301,72.8565,400,20.1382,35.0095
1900981,13,-9.7301,72.8565,500,18.5401,35.4053
1900981,13,-9.7301,72.8565,600,18.9351,34.6589
1900981,13,-9.7301,72.8565,700,18.123,35.3224
1900981,13,-9.7301,72.8565,800,16.4023,34.7085
1900981,13,-9.7301,72.8565,1000,13.5048,35.5551
1900981,13,-9.7301,72.8565,1200,11.4109,35.767
1900981,13,-9.7301,72.8565,1500,8.7855,35.2988
1900981,13,-9.7301,72.8565,2000,2.753,35.3487
1900981,14,-10.3962,72.6185,5,25.2994,35.3256
1900981,14,-10.3962,72.6185,10,24.6843,34.6048
1900981,14,-10.3962,72.6185,20,24.803,35.1674
1900981,14,-10.3962,72.6185,30,25.3566,34.8817
1900981,14,-10.3962,72.6185,50,24.7447,35.1216
1900981,14,-10.3962,72.6185,75,23.772,34.6269
1900981,14,-10.3962,72.6185,100,23.0277,35.5134
1900981,14,-10.3962,72.6185,125,23.9062,35.3927
1900981,14,-10.3962,72.6185,150,22.8723,35.2486
1900981,14,-10.3962,72.6185,200,23.5847,34.8488
1900981,14,-10.3962,72.6185,250,21.5499,35.328
1900981,14,-10.3962,72.6185,300,22.4994,35.3804
1900981,14,-10.3962,72.6185,400,21.2047,35.2
1900981,14,-10.3962,72.6185,500,19.8211,35.3058
1900981,14,-10.3962,72.6185,600,18.8426,35.3054
1900981,14,-10.3962,72.6185,700,18.2949,34.9344
1900981,14,-10.3962,72.6185,800,16.0371,35.0883
1900981,14,-10.3962,72.6185,1000,13.0706,35.4581
1900981,14,-10.3962,72.6185,1200,11.9441,34.9899
1900981,14,-10.3962,72.6185,1500,8.9531,35.0974
1900981,14,-10.3962,72.6185,2000,3.0693,35.7849
1900981,15,-9.7416,72.8237,5,24.9596,35.3467
1900981,15,-9.7416,72.8237,10,25.5713,35.379
1900981,15,-9.7416,72.8237,20,24.1423,34.6026
1900981,15,-9.7416,72.8237,30,23.9259,34.7662
1900981,15,-9.7416,72.8237,50,25.0667,35.2754
1900981,15,-9.7416,72.8237,75,23.5411,35.1985
1900981,15,-9.7416,72.8237,100,23.5713,34.6143
1900981,15,-9.7416,72.8237,125,23.3356,35.2755
1900981,15,-9.7416,72.8237,150,22.9642,35.3256
1900981,15,-9.7416,72.8237,200,22.4626,34.8106
1900981,15,-9.7416,72.8237,250,21.8381,35.4137
1900981,15,-9.7416,72.8237,300,21.6411,35.4414
1900981,15,-9.7416,72.8237,400,20.7671,35.5443
1900981,15,-9.7416,72.8237,500,18.6424,35.5144
1900981,15,-9.7416,72.8237,600,18.401,35.5175
1900981,15,-9.7416,72.8237,700,17.0633,34.9734
1900981,15,-9.7416,72.8237,800,15.3081,35.5542
1900981,15,-9.7416,72.8237,1000,13.2747,34.9503
1900981,15,-9.7416,72.8237,1200,11.6184,35.3694
1900981,15,-9.7416,72.8237,1500,9.3132,35.3326
1900981,15,-9.7416,72.8237,2000,2.6328,35.7157
1900981,16,-9.8692,72.6394,5,25.2071,34.6781
1900981,16,-9.8692,72.6394,10,25.159,34.5072
1900981,16,-9.8692,72.6394,20,24.3271,35.2662
1900981,16,-9.8692,72.6394,30,24.0072,35.272
1900981,16,-9.8692,72.6394,50,24.4292,35.2761
1900981,16,-9.8692,72.6394,75,23.3511,35.1332
1900981,16,-9.8692,72.6394,100,24.167,34.9284
1900981,16,-9.8692,72.6394,125,24.5557,34.9146
1900981,16,-9.8692,72.6394,150,22.4255,34.7369
1900981,16,-9.8692,72.6394,200,22.5462,34.5641
1900981,16,-9.8692,72.6394,250,21.8944,35.3957
1900981,16,-9.8692,72.6394,300,21.0812,35.2517
1900981,16,-9.8692,72.6394,400,20.8534,34.8488
1900981,16,-9.8692,72.6394,500,19.887,34.9693
1900981,16,-9.8692,72.6394,600,17.6579,35.0336
1900981,16,-9.8692,72.6394,700,17.4773,34.842
1900981,16,-9.8692,72.6394,800,16.8477,34.9982
1900981,16,-9.8692,72.6394,1000,13.5817,35.4778
1900981,16,-9.8692,72.6394,1200,11.9927,35.1378
1900981,16,-9.8692,72.6394,1500,9.2759,35.8705
1900981,16,-9.8692,72.6394,2000,2.6855,35.9014
1900981,17,-10.2889,72.3403,5,25.8412,35.4195
1900981,17,-10.2889,72.3403,10,24.6968,34.7309
1900981,17,-10.2889,72.3403,20,25.2343,34.6362
1900981,17,-10.2889,72.3403,30,25.1382,35.0972
1900981,17,-10.2889,72.3403,50,23.788,34.8791
1900981,17,-10.2889,72.3403,75,24.4761,34.5561
1900981,17,-10.2889,72.3403,100,24.6531,34.7808
1900981,17,-10.2889,72.3403,125,23.6945,34.5798
1900981,17,-10.2889,72.3403,150,24.3394,35.1995
1900981,17,-10.2889,72.3403,200,23.1071,34.5697
1900981,17,-10.2889,72.3403,250,22.6295,34.9793
1900981,17,-10.2889,72.3403,300,21.4605,35.1223
1900981,17,-10.2889,72.3403,400,20.5488,34.7531
1900981,17,-10.2889,72.3403,500,19.8904,35.2553
1900981,17,-10.2889,72.3403,600,18.0022,35.3117
1900981,17,-10.2889,72.3403,700,17.625,34.945
1900981,17,-10.2889,72.3403,800,16.4113,34.8372
1900981,17,-10.2889,72.3403,1000,14.6613,34.8549
1900981,17,-10.2889,72.3403,1200,12.2375,34.9177
1900981,17,-10.2889,72.3403,1500,7.728,34.9813
1900981,17,-10.2889,72.3403,2000,2.3973,35.1997
1900981,18,-10.3852,72.675,5,24.3483,35.2047
1900981,18,-10.3852,72.675,10,24.4807,34.5419
1900981,18,-10.3852,72.675,20,24.7727,34.7127
1900981,18,-10.3852,72.675,30,25.5362,34.8381
1900981,18,-10.3852,72.675,50,23.4555,35.1841
1900981,18,-10.3852,72.675,75,24.9888,35.354
1900981,18,-10.3852,72.675,100,24.238,34.6741
1900981,18,-10.3852,72.675,125,22.8052,35.043
1900981,18,-10.3852,72.675,150,23.7971,34.6388
1900981,18,-10.3852,72.675,200,22.3118,34.7812
1900981,18,-10.3852,72.675,250,23.2273,34.8585
1900981,18,-10.3852,72.675,300,21.6286,34.6748
1900981,18,-10.3852,72.675,400,19.9494,34.6394
1900981,18,-10.3852,72.675,500,19.0811,35.4266
1900981,18,-10.3852,72.675,600,18.0254,35.3885
1900981,18,-10.3852,72.675,700,16.49,35.4332
1900981,18,-10.3852,72.675,800,15.2918,35.552
1900981,18,-10.3852,72.675,1000,14.3267,34.9205
1900981,18,-10.3852,72.675,1200,11.5151,35.2377
1900981,18,-10.3852,72.675,1500,8.7436,35.7535
1900981,18,-10.3852,72.675,2000,2.1859,35.815
1900981,19,-10.4653,72.5526,5,25.8696,34.7731
1900981,19,-10.4653,72.5526,10,24.6614,35.3532
1900981,19,-10.4653,72.5526,20,25.3798,35.1538
1900981,19,-10.4653,72.5526,30,25.2638,34.6206
1900981,19,-10.4653,72.5526,50,24.8423,34.5711
1900981,19,-10.4653,72.5526,75,25.0599,34.6781
1900981,19,-10.4653,72.5526,100,23.7321,35.1158
1900981,19,-10.4653,72.5526,125,24.2295,35.2096
1900981,19,-10.4653,72.5526,150,22.7125,34.9173
1900981,19,-10.4653,72.5526,200,22.5172,34.5788
1900981,19,-10.4653,72.5526,250,22.6189,35.401
1900981,19,-10.4653,72.5526,300,22.6469,34.7057
1900981,19,-10.4653,72.5526,400,21.4408,34.7129
1900981,19,-10.4653,72.5526,500,19.3226,34.671
1900981,19,-10.4653,72.5526,600,17.9232,34.9642
1900981,19,-10.4653,72.5526,700,17.7091,35.3529
1900981,19,-10.4653,72.5526,800,16.7351,35.2766
1900981,19,-10.4653,72.5526,1000,14.13,35.7279
1900981,19,-10.4653,72.5526,1200,12.1397,35.1383
1900981,19,-10.4653,72.5526,1500,8.5462,35.5756
1900981,19,-10.4653,72.5526,2000,2.1905,35.6617
1900981,20,-10.3996,72.4976,5,25.2976,34.8861
1900981,20,-10.3996,72.4976,10,25.5681,35.0608
1900981,20,-10.3996,72.4976,20,25.7556,34.5596
1900981,20,-10.3996,72.4976,30,24.9568,34.6644
1900981,20,-10.3996,72.4976,50,25.1477,35.3644
1900981,20,-10.3996,72.4976,75,24.9138,34.5936
1900981,20,-10.3996,72.4976,100,23.8833,34.7659
1900981,20,-10.3996,72.4976,125,24.5653,34.5816
1900981,20,-10.3996,72.4976,150,22.7954,35.1808
1900981,20,-10.3996,72.4976,200,22.6066,34.785
1900981,20,-10.3996,72.4976,250,22.1682,35.3638
1900981,20,-10.3996,72.4976,300,21.5962,35.4316
1900981,20,-10.3996,72.4976,400,20.4941,34.7187
1900981,20,-10.3996,72.4976,500,19.4947,35.2784
1900981,20,-10.3996,72.4976,600,17.6053,35.0623
1900981,20,-10.3996,72.4976,700,17.4143,34.6752
1900981,20,-10.3996,72.4976,800,15.3818,35.3042
1900981,20,-10.3996,72.4976,1000,14.2381,35.0546
1900981,20,-10.3996,72.4976,1200,11.8167,35.0069
1900981,20,-10.3996,72.4976,1500,8.8429,35.8254
1900981,20,-10.3996,72.4976,2000,2.7267,35.0543
1900982,1,-33.1897,-16.2746,5,24.8913,35.1584
1900982,1,-33.1897,-16.2746,10,25.3218,34.6165
1900982,1,-33.1897,-16.2746,20,25.2986,34.7267
1900982,1,-33.1897,-16.2746,30,24.3527,35.3374
1900982,1,-33.1897,-16.2746,50,25.3789,34.8045
1900982,1,-33.1897,-16.2746,75,24.219,35.2208
1900982,1,-33.1897,-16.2746,100,22.9916,34.6892
1900982,1,-33.1897,-16.2746,125,22.9059,35.2481
1900982,1,-33.1897,-16.2746,150,23.7931,34.6445
1900982,1,-33.1897,-16.2746,200,23.0217,34.7375
1900982,1,-33.1897,-16.2746,250,23.1104,34.9554
1900982,1,-33.1897,-16.2746,300,21.6141,35.3564
1900982,1,-33.1897,-16.2746,400,21.0336,34.7078
1900982,1,-33.1897,-16.2746,500,19.3289,35.5516
1900982,1,-33.1897,-16.2746,600,19.0749,35.2388
1900982,1,-33.1897,-16.2746,700,17.8443,35.1255
1900982,1,-33.1897,-16.2746,800,16.5169,35.6562
1900982,1,-33.1897,-16.2746,1000,13.2693,35.2488
1900982,1,-33.1897,-16.2746,1200,11.8607,34.8486
1900982,1,-33.1897,-16.2746,1500,9.3706,35.7138
1900982,1,-33.1897,-16.2746,2000,2.9659,35.5083
1900982,2,-32.8287,-16.7172,5,25.1021,35.2317
1900982,2,-32.8287,-16.7172,10,24.1468,34.8899
1900982,2,-32.8287,-16.7172,20,24.9811,35.3877
1900982,2,-32.8287,-16.7172,30,24.6782,34.8922
1900982,2,-32.8287,-16.7172,50,25.409,35.4284
1900982,2,-32.8287,-16.7172,75,24.6997,34.7923
1900982,2,-32.8287,-16.7172,100,24.8272,35.4955
1900982,2,-32.8287,-16.7172,125,23.5307,34.6646
1900982,2,-32.8287,-16.7172,150,23.1755,35.2375
1900982,2,-32.8287,-16.7172,200,23.2969,34.8489
1900982,2,-32.8287,-16.7172,250,22.653,35.4232
1900982,2,-32.8287,-16.7172,300,22.1237,35.5105
1900982,2,-32.8287,-16.7172,400,20.8652,34.8009
1900982,2,-32.8287,-16.7172,500,19.7483,34.9156
1900982,2,-32.8287,-16.7172,600,18.0906,35.3224
1900982,2,-32.8287,-16.7172,700,18.2627,35.3251
1900982,2,-32.8287,-16.7172,800,17.1167,35.2039
1900982,2,-32.8287,-16.7172,1000,14.3886,35.0724
1900982,2,-32.8287,-16.7172,1200,11.0308,35.1522
1900982,2,-32.8287,-16.7172,1500,8.4607,35.4456
1900982,2,-32.8287,-16.7172,2000,3.3343,35.4175
1900982,3,-33.002,-16.053,5,24.5169,35.3486
1900982,3,-33.002,-16.053,10,25.5066,35.0252
1900982,3,-33.002,-16.053,20,23.8305,34.6503
1900982,3,-33.002,-16.053,30,25.0105,34.7074
1900982,3,-33.002,-16.053,50,24.9504,34.6734
1900982,3,-33.002,-16.053,75,23.7482,34.7693
1900982,3,-33.002,-16.053,100,24.5788,35.2156
1900982,3,-33.002,-16.053,125,23.2153,35.2848
1900982,3,-33.002,-16.053,150,22.4146,35.3515
1900982,3,-33.002,-16.053,200,22.005,35.418
1900982,3,-33.002,-16.053,250,22.729,35.4273
1900982,3,-33.002,-16.053,300,22.1848,35.1363
1900982,3,-33.002,-16.053,400,20.0752,35.3843
1900982,3,-33.002,-16.053,500,20.0976,34.9126
1900982,3,-33.002,-16.053,600,18.729,35.5765
1900982,3,-33.002,-16.053,700,17.0751,35.6317
1900982,3,-33.002,-16.053,800,17.1516,35.0127
1900982,3,-33.002,-16.053,1000,14.1042,34.763
1900982,3,-33.002,-16.053,1200,11.3027,35.4206
1900982,3,-33.002,-16.053,1500,9.0618,35.7451
1900982,3,-33.002,-16.053,2000,3.66,35.9115
1900982,4,-33.0452,-16.2468,5,25.4552,35.0479
1900982,4,-33.0452,-16.2468,10,25.0968,35.2786
1900982,4,-33.0452,-16.2468,20,25.7086,34.7992
1900982,4,-33.0452,-16.2468,30,24.0249,35.1902
1900982,4,-33.0452,-16.2468,50,23.824,34.6863
1900982,4,-33.0452,-16.2468,75,24.2027,34.8959
1900982,4,-33.0452,-16.2468,100,23.757,35.0816
1900982,4,-33.0452,-16.2468,125,22.8851,35.1152
1900982,4,-33.0452,-16.2468,150,22.86,34.8681
1900982,4,-33.0452,-16.2468,200,23.2194,34.7048
1900982,4,-33.0452,-16.2468,250,21.5574,34.8851
1900982,4,-33.0452,-16.2468,300,20.8017,35.5074
1900982,4,-33.0452,-16.2468,400,20.8312,35.2619
1900982,4,-33.0452,-16.2468,500,19.4811,35.1977
1900982,4,-33.0452,-16.2468,600,18.1162,35.434
1900982,4,-33.0452,-16.2468,700,16.9357,34.895
1900982,4,-33.0452,-16.2468,800,15.5677,34.7682
1900982,4,-33.0452,-16.2468,1000,14.0103,35.1659
1900982,4,-33.0452,-16.2468,1200,11.8741,34.8919
1900982,4,-33.0452,-16.2468,1500,7.9424,35.0884
1900982,4,-33.0452,-16.2468,2000,2.6638,35.3608
1900982,5,-33.5314,-16.1418,5,25.006,35.4979
1900982,5,-33.5314,-16.1418,10,25.5374,35.4836
1900982,5,-33.5314,-16.1418,20,23.7976,35.1739
1900982,5,-33.5314,-16.1418,30,24.5613,35.412
1900982,5,-33.5314,-16.1418,50,24.6774,35.1336
1900982,5,-33.5314,-16.1418,75,25.0928,35.2013
1900982,5,-33.5314,-16.1418,100,23.5419,35.4409
1900982,5,-33.5314,-16.1418,125,24.515,34.9171
1900982,5,-33.5314,-16.1418,150,23.4305,34.8203
1900982,5,-33.5314,-16.1418,200,23.6227,35.3721
1900982,5,-33.5314,-16.1418,250,21.9999,35.3653
1900982,5,-33.5314,-16.1418,300,21.5911,34.6189
1900982,5,-33.5314,-16.1418,400,21.3966,34.7925
1900982,5,-33.5314,-16.1418,500,19.5278,35.5732
1900982,5,-33.5314,-16.1418,600,17.7348,35.6063
1900982,5,-33.5314,-16.1418,700,17.3759,34.6823
1900982,5,-33.5314,-16.1418,800,15.3309,35.3703
1900982,5,-33.5314,-16.1418,1000,14.5472,35.615
1900982,5,-33.5314,-16.1418,1200,11.6484,34.9039
1900982,5,-33.5314,-16.1418,1500,8.5755,35.5777
1900982,5,-33.5314,-16.1418,2000,3.9524,35.7752
1900982,6,-33.1033,-15.9547,5,25.4388,34.655
1900982,6,-33.1033,-15.9547,10,24.8085,34.8342
1900982,6,-33.1033,-15.9547,20,23.955,34.5593
1900982,6,-33.1033,-15.9547,30,25.2584,35.0656
1900982,6,-33.1033,-15.9547,50,24.5999,34.7401
1900982,6,-33.1033,-15.9547,75,23.6923,34.9068
1900982,6,-33.1033,-15.9547,100,24.1604,34.958
1900982,6,-33.1033,-15.9547,125,22.6588,35.2045
1900982,6,-33.1033,-15.9547,150,23.4197,35.1789
1900982,6,-33.1033,-15.9547,200,23.0367,35.306
1900982,6,-33.1033,-15.9547,250,22.4212,35.2634
1900982,6,-33.1033,-15.9547,300,20.8452,35.503
1900982,6,-33.1033,-15.9547,400,19.8123,35.3869
1900982,6,-33.1033,-15.9547,500,19.1027,34.7115
1900982,6,-33.1033,-15.9547,600,18.9305,35.0877
1900982,6,-33.1033,-15.9547,700,17.0902,35.3357
1900982,6,-33.1033,-15.9547,800,16.148,35.2335
1900982,6,-33.1033,-15.9547,1000,13.2728,35.141
1900982,6,-33.1033,-15.9547,1200,12.395,35.3457
1900982,6,-33.1033,-15.9547,1500,9.4203,35.0191
1900982,6,-33.1033,-15.9547,2000,3.3546,35.9142
1900982,7,-32.9548,-16.1651,5,24.6913,35.4507
1900982,7,-32.9548,-16.1651,10,24.997,35.0576
1900982,7,-32.9548,-16.1651,20,24.0265,34.51
1900982,7,-32.9548,-16.1651,30,24.8633,35.0447
1900982,7,-32.9548,-16.1651,50,25.344,34.8172
1900982,7,-32.9548,-16.1651,75,24.6716,35.4223
1900982,7,-32.9548,-16.1651,100,23.5877,34.9377
1900982,7,-32.9548,-16.1651,125,23.9169,35.0438
1900982,7,-32.9548,-16.1651,150,22.6719,34.7583
1900982,7,-32.9548,-16.1651,200,23.4695,34.7443
1900982,7,-32.9548,-16.1651,250,21.6127,35.3622
1900982,7,-32.9548,-16.1651,300,22.4045,35.4264
1900982,7,-32.9548,-16.1651,400,21.4647,35.5943
1900982,7,-32.9548,-16.1651,500,19.4225,35.1747
1900982,7,-32.9548,-16.1651,600,17.9813,34.7174
1900982,7,-32.9548,-16.1651,700,16.4964,35.4006
1900982,7,-32.9548,-16.1651,800,16.1744,35.0309
1900982,7,-32.9548,-16.1651,1000,13.2564,35.4055
1900982,7,-32.9548,-16.1651,1200,11.0001,35.4195
1900982,7,-32.9548,-16.1651,1500,9.3002,35.1928
1900982,7,-32.9548,-16.1651,2000,2.9013,35.6163
1900982,8,-33.4442,-16.3102,5,25.0761,34.8657
1900982,8,-33.4442,-16.3102,10,24.5227,34.9308
1900982,8,-33.4442,-16.3102,20,23.7897,34.7512
1900982,8,-33.4442,-16.3102,30,24.1131,35.2473
1900982,8,-33.4442,-16.3102,50,24.3222,35.3526
1900982,8,-33.4442,-16.3102,75,23.4436,35.2517
1900982,8,-33.4442,-16.3102,100,24.6558,34.9878
1900982,8,-33.4442,-16.3102,125,23.3425,34.8367
1900982,8,-33.4442,-16.3102,150,23.4533,34.7133
1900982,8,-33.4442,-16.3102,200,23.0133,35.3918
1900982,8,-33.4442,-16.3102,250,22.9674,34.7025
1900982,8,-33.4442,-16.3102,300,21.7772,34.8382
1900982,8,-33.4442,-16.3102,400,21.3727,34.6765
1900982,8,-33.4442,-16.3102,500,18.6508,34.6436
1900982,8,-33.4442,-16.3102,600,18.4144,34.6812
1900982,8,-33.4442,-16.3102,700,17.4638,35.0801
1900982,8,-33.4442,-16.3102,800,16.3801,35.6063
1900982,8,-33.4442,-16.3102,1000,14.1032,35.2935
1900982,8,-33.4442,-16.3102,1200,12.7975,35.2721
1900982,8,-33.4442,-16.3102,1500,9.0504,35.2408
1900982,8,-33.4442,-16.3102,2000,2.4466,35.7721
1900982,9,-33.0166,-16.6034,5,24.8744,35.0117
1900982,9,-33.0166,-16.6034,10,24.6836,35.0047
1900982,9,-33.0166,-16.6034,20,25.1054,35.353
1900982,9,-33.0166,-16.6034,30,25.2831,35.1215
1900982,9,-33.0166,-16.6034,50,23.7817,35.0266
1900982,9,-33.0166,-16.6034,75,24.0674,34.6979
1900982,9,-33.0166,-16.6034,100,24.7974,35.1844
1900982,9,-33.0166,-16.6034,125,24.5605,35.2672
1900982,9,-33.0166,-16.6034,150,23.317,34.8963
1900982,9,-33.0166,-16.6034,200,22.2376,35.0376
1900982,9,-33.0166,-16.6034,250,21.3757,34.9319
1900982,9,-33.0166,-16.6034,300,20.7856,34.7818
1900982,9,-33.0166,-16.6034,400,21.4155,34.9613
1900982,9,-33.0166,-16.6034,500,19.4393,35.0796
1900982,9,-33.0166,-16.6034,600,17.4929,35.6306
1900982,9,-33.0166,-16.6034,700,16.9481,35.3787
1900982,9,-33.0166,-16.6034,800,16.2427,35.5296
1900982,9,-33.0166,-16.6034,1000,14.6697,35.0133
1900982,9,-33.0166,-16.6034,1200,11.8887,34.9738
1900982,9,-33.0166,-16.6034,1500,8.8074,35.2403
1900982,9,-33.0166,-16.6034,2000,3.3067,35.8355
1900982,10,-33.2332,-16.5181,5,25.7595,35.0176
1900982,10,-33.2332,-16.5181,10,24.5958,35.3702
1900982,10,-33.2332,-16.5181,20,24.7537,34.9871
1900982,10,-33.2332,-16.5181,30,24.8784,35.0093
1900982,10,-33.2332,-16.5181,50,23.7279,34.6781
1900982,10,-33.2332,-16.5181,75,23.3292,35.1622
1900982,10,-33.2332,-16.5181,100,23.323,34.7119
1900982,10,-33.2332,-16.5181,125,23.3494,35.2486
1900982,10,-33.2332,-16.5181,150,22.5867,34.7678
1900982,10,-33.2332,-16.5181,200,23.4223,35.2703
1900982,10,-33.2332,-16.5181,250,22.213,35.0413
1900982,10,-33.2332,-16.5181,300,21.1214,34.7362
1900982,10,-33.2332,-16.5181,400,21.2667,34.6224
1900982,10,-33.2332,-16.5181,500,18.5863,35.1985
1900982,10,-33.2332,-16.5181,600,17.7223,35.2795
1900982,10,-33.2332,-16.5181,700,16.3784,35.2473
1900982,10,-33.2332,-16.5181,800,15.3118,34.9583
1900982,10,-33.2332,-16.5181,1000,13.3601,35.7082
1900982,10,-33.2332,-16.5181,1200,11.9987,35.3636
1900982,10,-33.2332,-16.5181,1500,7.5372,35.5945
1900982,10,-33.2332,-16.5181,2000,3.3235,35.2835
1900982,11,-33.6641,-16.4452,5,25.9306,35.3686
1900982,11,-33.6641,-16.4452,10,24.2311,35.3329
1900982,11,-33.6641,-16.4452,20,24.9817,35.2996
1900982,11,-33.6641,-16.4452,30,25.3109,34.6894
1900982,11,-33.6641,-16.4452,50,24.7693,34.777
1900982,11,-33.6641,-16.4452,75,24.6234,34.8614
1900982,11,-33.6641,-16.4452,100,23.8069,35.1156
1900982,11,-33.6641,-16.4452,125,23.0846,34.9167
1900982,11,-33.6641,-16.4452,150,22.5671,34.7398
1900982,11,-33.6641,-16.4452,200,23.5192,35.0544
1900982,11,-33.6641,-16.4452,250,22.0896,34.7121
1900982,11,-33.6641,-16.4452,300,20.8926,35.0509
1900982,11,-33.6641,-16.4452,400,20.8295,34.639
1900982,11,-33.6641,-16.4452,500,20.0677,35.1283
1900982,11,-33.6641,-16.4452,600,17.635,35.1322
1900982,11,-33.6641,-16.4452,700,16.5607,35.2785
1900982,11,-33.6641,-16.4452,800,16.855,35.597
1900982,11,-33.6641,-16.4452,1000,14.5497,35.3992
1900982,11,-33.6641,-16.4452,1200,11.8441,35.1704
1900982,11,-33.6641,-16.4452,1500,7.5869,35.4048
1900982,11,-33.6641,-16.4452,2000,2.459,35.8023
1900982,12,-32.9603,-16.5132,5,25.1231,35.2426
1900982,12,-32.9603,-16.5132,10,25.4131,35.1992
1900982,12,-32.9603,-16.5132,20,23.9754,34.6389
1900982,12,-32.9603,-16.5132,30,24.6243,34.74
1900982,12,-32.9603,-16.5132,50,25.1681,34.7958
1900982,12,-32.9603,-16.5132,75,24.9285,34.9274
1900982,12,-32.9603,-16.5132,100,23.278,35.2341
1900982,12,-32.9603,-16.5132,125,24.2038,35.1092
1900982,12,-32.9603,-16.5132,150,22.5857,34.5447
1900982,12,-32.9603,-16.5132,200,23.1091,35.2378
1900982,12,-32.9603,-16.5132,250,21.8818,34.9248
1900982,12,-32.9603,-16.5132,300,21.0096,35.2266
1900982,12,-32.9603,-16.5132,400,20.1073,35.455
1900982,12,-32.9603,-16.5132,500,19.3471,34.9906
1900982,12,-32.9603,-16.5132,600,17.9511,35.3306
1900982,12,-32.9603,-16.5132,700,17.8099,35.0882
1900982,12,-32.9603,-16.5132,800,16.7676,35.1825
1900982,12,-32.9603,-16.5132,1000,13.7404,35.3049
1900982,12,-32.9603,-16.5132,1200,11.3076,35.1067
1900982,12,-32.9603,-16.5132,1500,8.1887,35.5805
1900982,12,-32.9603,-16.5132,2000,3.4716,35.855
1900982,13,-33.0905,-16.1466,5,24.8382,35.2006
1900982,13,-33.0905,-16.1466,10,24.2136,34.717
1900982,13,-33.0905,-16.1466,20,24.5811,34.8434
1900982,13,-33.0905,-16.1466,30,24.7712,35.2046
1900982,13,-33.0905,-16.1466,50,24.8636,34.6732
1900982,13,-33.0905,-16.1466,75,25.1041,34.524
1900982,13,-33.0905,-16.1466,100,23.0822,34.6703
1900982,13,-33.0905,-16.1466,125,24.4767,34.9666
1900982,13,-33.0905,-16.1466,150,22.4782,34.7593
1900982,13,-33.0905,-16.1466,200,21.9601,34.5878
1900982,13,-33.0905,-16.1466,250,22.0187,35.5469
1900982,13,-33.0905,-16.1466,300,21.9279,35.096
1900982,13,-33.0905,-16.1466,400,21.0232,35.1975
1900982,13,-33.0905,-16.1466,500,20.3914,35.4452
1900982,13,-33.0905,-16.1466,600,18.6806,35.089
1900982,13,-33.0905,-16.1466,700,16.7034,35.3319
1900982,13,-33.0905,-16.1466,800,16.8078,34.986
1900982,13,-33.0905,-16.1466,1000,13.0672,35.3495
1900982,13,-33.0905,-16.1466,1200,11.8316,35.0317
1900982,13,-33.0905,-16.1466,1500,7.839,34.9111
1900982,13,-33.0905,-16.1466,2000,2.4785,35.0003
1900982,14,-33.5924,-15.8976,5,25.5043,34.8544
1900982,14,-33.5924,-15.8976,10,24.6803,35.0886
1900982,14,-33.5924,-15.8976,20,24.8155,35.2419
1900982,14,-33.5924,-15.8976,30,23.8072,34.5977
1900982,14,-33.5924,-15.8976,50,24.019,35.3423
1900982,14,-33.5924,-15.8976,75,25.005,34.8668
1900982,14,-33.5924,-15.8976,100,24.8266,34.8015
1900982,14,-33.5924,-15.8976,125,23.8377,34.7258
1900982,14,-33.5924,-15.8976,150,24.2094,35.1124
1900982,14,-33.5924,-15.8976,200,22.3222,34.9571
1900982,14,-33.5924,-15.8976,250,21.4629,34.6349
1900982,14,-33.5924,-15.8976,300,21.2885,35.522
1900982,14,-33.5924,-15.8976,400,21.2059,35.5567
1900982,14,-33.5924,-15.8976,500,20.2522,35.4381
1900982,14,-33.5924,-15.8976,600,18.5498,35.3442
1900982,14,-33.5924,-15.8976,700,18.2321,35.2382
1900982,14,-33.5924,-15.8976,800,16.7399,35.4575
1900982,14,-33.5924,-15.8976,1000,14.9225,35.2088
1900982,14,-33.5924,-15.8976,1200,11.7214,35.3868
1900982,14,-33.5924,-15.8976,1500,7.5547,34.9913
1900982,14,-33.5924,-15.8976,2000,2.1351,35.6337
1900982,15,-32.7556,-16.2175,5,24.4049,34.817
1900982,15,-32.7556,-16.2175,10,25.8009,35.019
1900982,15,-32.7556,-16.2175,20,23.7994,35.3372
1900982,15,-32.7556,-16.2175,30,24.1665,34.6005
1900982,15,-32.7556,-16.2175,50,24.7974,35.3336
1900982,15,-32.7556,-16.2175,75,23.3271,35.4501
1900982,15,-32.7556,-16.2175,100,23.8531,34.8785
1900982,15,-32.7556,-16.2175,125,24.4136,34.8003
1900982,15,-32.7556,-16.2175,150,24.2442,35.2206
1900982,15,-32.7556,-16.2175,200,23.6199,35.049
1900982,15,-32.7556,-16.2175,250,21.6493,35.2979
1900982,15,-32.7556,-16.2175,300,22.4455,34.7818
1900982,15,-32.7556,-16.2175,400,20.0055,34.8497
1900982,15,-32.7556,-16.2175,500,19.7372,34.781
1900982,15,-32.7556,-16.2175,600,17.6134,35.5702
1900982,15,-32.7556,-16.2175,700,17.6516,35.3384
1900982,15,-32.7556,-16.2175,800,16.4277,35.4642
1900982,15,-32.7556,-16.2175,1000,14.0829,34.7923
1900982,15,-32.7556,-16.2175,1200,11.7646,35.4207
1900982,15,-32.7556,-16.2175,1500,8.4847,35.8604
1900982,15,-32.7556,-16.2175,2000,3.794,35.8688
1900982,16,-33.259,-15.91,5,25.777,34.7815
1900982,16,-33.259,-15.91,10,24.3342,35.0792
1900982,16,-33.259,-15.91,20,23.8883,35.3043
1900982,16,-33.259,-15.91,30,24.6266,35.0483
1900982,16,-33.259,-15.91,50,24.455,34.9062
1900982,16,-33.259,-15.91,75,24.5477,34.6936
1900982,16,-33.259,-15.91,100,24.853,35.2232
1900982,16,-33.259,-15.91,125,23.5451,35.2205
1900982,16,-33.259,-15.91,150,22.3736,34.7483
1900982,16,-33.259,-15.91,200,22.962,34.8754
1900982,16,-33.259,-15.91,250,22.4756,34.8222
1900982,16,-33.259,-15.91,300,21.7971,34.8121
1900982,16,-33.259,-15.91,400,20.5427,35.2131
1900982,16,-33.259,-15.91,500,19.2318,35.1238
1900982,16,-33.259,-15.91,600,17.8211,35.3507
1900982,16,-33.259,-15.91,700,17.0446,35.5293
1900982,16,-33.259,-15.91,800,15.7593,34.8799
1900982,16,-33.259,-15.91,1000,13.2623,35.3259
1900982,16,-33.259,-15.91,1200,11.2571,34.8999
1900982,16,-33.259,-15.91,1500,8.0399,35.1108
1900982,16,-33.259,-15.91,2000,2.8644,35.3809
1900982,17,-33.604,-15.9353,5,24.2441,35.3069
1900982,17,-33.604,-15.9353,10,24.2432,35.0021
1900982,17,-33.604,-15.9353,20,25.7711,35.3544
1900982,17,-33.604,-15.9353,30,24.704,35.2281
1900982,17,-33.604,-15.9353,50,25.0207,34.8125
1900982,17,-33.604,-15.9353,75,24.2993,35.0866
1900982,17,-33.604,-15.9353,100,23.6968,35.2155
1900982,17,-33.604,-15.9353,125,22.7451,35.3451
1900982,17,-33.604,-15.9353,150,23.3031,35.1674
1900982,17,-33.604,-15.9353,200,22.6997,34.8847
1900982,17,-33.604,-15.9353,250,21.9719,35.1229
1900982,17,-33.604,-15.9353,300,22.5637,34.8327
1900982,17,-33.604,-15.9353,400,19.6397,34.7212
1900982,17,-33.604,-15.9353,500,20.2347,35.5881
1900982,17,-33.604,-15.9353,600,17.7979,35.2259
1900982,17,-33.604,-15.9353,700,17.5983,34.8495
1900982,17,-33.604,-15.9353,800,16.7606,35.0551
1900982,17,-33.604,-15.9353,1000,14.3464,35.2375
1900982,17,-33.604,-15.9353,1200,12.2731,35.6896
1900982,17,-33.604,-15.9353,1500,8.2621,35.1615
1900982,17,-33.604,-15.9353,2000,3.2634,35.1448
1900982,18,-33.5823,-16.0867,5,24.6198,35.1325
1900982,18,-33.5823,-16.0867,10,25.0333,35.3514
1900982,18,-33.5823,-16.0867,20,23.9227,34.667
1900982,18,-33.5823,-16.0867,30,24.1264,34.8244
1900982,18,-33.5823,-16.0867,50,24.0327,34.78
1900982,18,-33.5823,-16.0867,75,24.4643,34.79
1900982,18,-33.5823,-16.0867,100,23.7898,35.3878
1900982,18,-33.5823,-16.0867,125,23.3513,35.1182
1900982,18,-33.5823,-16.0867,150,24.2811,34.9515
1900982,18,-33.5823,-16.0867,200,22.1678,34.5731
1900982,18,-33.5823,-16.0867,250,22.7055,35.2245
1900982,18,-33.5823,-16.0867,300,22.5809,35.2757
1900982,18,-33.5823,-16.0867,400,19.7601,34.7669
1900982,18,-33.5823,-16.0867,500,18.706,34.6888
1900982,18,-33.5823,-16.0867,600,19.1574,35.1984
1900982,18,-33.5823,-16.0867,700,16.3527,35.072
1900982,18,-33.5823,-16.0867,800,16.73,34.7833
1900982,18,-33.5823,-16.0867,1000,13.5249,34.9053
1900982,18,-33.5823,-16.0867,1200,12.1097,35.6855
1900982,18,-33.5823,-16.0867,1500,8.1187,35.1224
1900982,18,-33.5823,-16.0867,2000,2.5684,35.6265
1900982,19,-33.6185,-16.0559,5,24.0021,35.1648
1900982,19,-33.6185,-16.0559,10,25.6107,34.8277
1900982,19,-33.6185,-16.0559,20,24.7323,35.48
1900982,19,-33.6185,-16.0559,30,24.7512,34.7799
1900982,19,-33.6185,-16.0559,50,24.3397,35.482
1900982,19,-33.6185,-16.0559,75,24.5702,34.6958
1900982,19,-33.6185,-16.0559,100,24.0952,35.156
1900982,19,-33.6185,-16.0559,125,23.8967,35.0952
1900982,19,-33.6185,-16.0559,150,23.3969,35.177
1900982,19,-33.6185,-16.0559,200,22.4193,34.8972
1900982,19,-33.6185,-16.0559,250,22.3293,35.3672
1900982,19,-33.6185,-16.0559,300,21.5837,34.9408
1900982,19,-33.6185,-16.0559,400,20.1196,34.9036
1900982,19,-33.6185,-16.0559,500,18.5002,35.4404
1900982,19,-33.6185,-16.0559,600,19.0959,34.9939
1900982,19,-33.6185,-16.0559,700,17.2384,34.6833
1900982,19,-33.6185,-16.0559,800,17.0442,35.647
1900982,19,-33.6185,-16.0559,1000,13.9541,34.7591
1900982,19,-33.6185,-16.0559,1200,11.6609,35.0929
1900982,19,-33.6185,-16.0559,1500,7.9624,34.8822
1900982,19,-33.6185,-16.0559,2000,2.7473,35.4117
1900982,20,-33.1893,-16.4997,5,24.2715,35.2384
1900982,20,-33.1893,-16.4997,10,24.6694,34.8809
1900982,20,-33.1893,-16.4997,20,24.306,34.9272
1900982,20,-33.1893,-16.4997,30,24.1491,35.272
1900982,20,-33.1893,-16.4997,50,25.2699,35.3201
1900982,20,-33.1893,-16.4997,75,24.5443,34.8034
1900982,20,-33.1893,-16.4997,100,24.3859,35.3338
1900982,20,-33.1893,-16.4997,125,23.4508,35.3847
1900982,20,-33.1893,-16.4997,150,22.7148,34.8271
1900982,20,-33.1893,-16.4997,200,23.0738,35.1677
1900982,20,-33.1893,-16.4997,250,21.7943,35.1853
1900982,20,-33.1893,-16.4997,300,21.0756,34.5944
1900982,20,-33.1893,-16.4997,400,19.6993,35.135
1900982,20,-33.1893,-16.4997,500,18.8719,34.7273
1900982,20,-33.1893,-16.4997,600,17.9384,35.3652
1900982,20,-33.1893,-16.4997,700,17.7542,34.9078
1900982,20,-33.1893,-16.4997,800,15.5014,35.1936
1900982,20,-33.1893,-16.4997,1000,13.6838,35.0616
1900982,20,-33.1893,-16.4997,1200,12.3989,35.798
1900982,20,-33.1893,-16.4997,1500,8.4274,35.6664
1900982,20,-33.1893,-16.4997,2000,2.6605,35.8435
